[0m22:02:24.163929 [debug] [MainThread]: Sending event: {'category': 'dbt', 'action': 'invocation', 'label': 'start', 'context': [<snowplow_tracker.self_describing_json.SelfDescribingJson object at 0x7f49cbc0fe00>, <snowplow_tracker.self_describing_json.SelfDescribingJson object at 0x7f49cbf87650>, <snowplow_tracker.self_describing_json.SelfDescribingJson object at 0x7f49cbed9820>]}


============================== 22:02:24.219039 | 00a9a294-e996-4b88-9697-0359967411fa ==============================
[0m22:02:24.219039 [info ] [MainThread]: Running with dbt=1.11.11
[0m22:02:24.219766 [debug] [MainThread]: running dbt with arguments {'empty': 'False', 'cache_selected_only': 'False', 'use_experimental_parser': 'False', 'log_cache_events': 'False', 'log_path': 'dbt/logs', 'profiles_dir': '.', 'log_format': 'default', 'invocation_command': 'dbt run --project-dir dbt --profiles-dir .', 'warn_error_options': 'WarnErrorOptionsV2(error=[], warn=[], silence=[])', 'introspect': 'True', 'indirect_selection': 'eager', 'use_colors': 'True', 'partial_parse': 'True', 'target_path': 'None', 'write_json': 'True', 'no_print': 'None', 'static_parser': 'True', 'quiet': 'False', 'fail_fast': 'False', 'printer_width': '80', 'debug': 'False', 'version_check': 'True', 'send_anonymous_usage_stats': 'True', 'warn_error': 'None'}
[0m22:02:24.226152 [error] [MainThread]: Encountered an error:
Parsing Error
  Env var required but not provided: 'MSSQL_HOST'
[0m22:02:24.228025 [debug] [MainThread]: Resource report: {"command_name": "run", "command_success": false, "command_wall_clock_time": 0.15689088, "process_in_blocks": "1920", "process_kernel_time": 0.44098, "process_mem_max_rss": "130484", "process_out_blocks": "30632", "process_user_time": 2.876393}
[0m22:02:24.228732 [debug] [MainThread]: Command `dbt run` failed at 22:02:24.228580 after 0.16 seconds
[0m22:02:24.229206 [debug] [MainThread]: Sending event: {'category': 'dbt', 'action': 'invocation', 'label': 'end', 'context': [<snowplow_tracker.self_describing_json.SelfDescribingJson object at 0x7f49cb6f7e00>, <snowplow_tracker.self_describing_json.SelfDescribingJson object at 0x7f49cbfba3c0>, <snowplow_tracker.self_describing_json.SelfDescribingJson object at 0x7f49cbdc5e80>]}
[0m22:02:24.229580 [debug] [MainThread]: Flushing usage events
[0m22:02:24.814246 [debug] [MainThread]: An error was encountered while trying to flush usage events
[0m22:02:50.111420 [debug] [MainThread]: Sending event: {'category': 'dbt', 'action': 'invocation', 'label': 'start', 'context': [<snowplow_tracker.self_describing_json.SelfDescribingJson object at 0x7f3efb2976e0>, <snowplow_tracker.self_describing_json.SelfDescribingJson object at 0x7f3efa3620f0>, <snowplow_tracker.self_describing_json.SelfDescribingJson object at 0x7f3efaeb51f0>]}


============================== 22:02:50.114025 | eea4cc2f-2fea-4a85-90ef-ff5900eab23d ==============================
[0m22:02:50.114025 [info ] [MainThread]: Running with dbt=1.11.11
[0m22:02:50.114614 [debug] [MainThread]: running dbt with arguments {'empty': 'False', 'use_experimental_parser': 'False', 'introspect': 'True', 'write_json': 'True', 'indirect_selection': 'eager', 'warn_error_options': 'WarnErrorOptionsV2(error=[], warn=[], silence=[])', 'invocation_command': 'dbt run --project-dir dbt --profiles-dir .', 'log_cache_events': 'False', 'target_path': 'None', 'profiles_dir': '.', 'use_colors': 'True', 'log_path': 'dbt/logs', 'quiet': 'False', 'log_format': 'default', 'no_print': 'None', 'fail_fast': 'False', 'warn_error': 'None', 'partial_parse': 'True', 'cache_selected_only': 'False', 'static_parser': 'True', 'version_check': 'True', 'debug': 'False', 'send_anonymous_usage_stats': 'True', 'printer_width': '80'}
[0m22:02:50.352897 [debug] [MainThread]: Sending event: {'category': 'dbt', 'action': 'project_id', 'label': 'eea4cc2f-2fea-4a85-90ef-ff5900eab23d', 'context': [<snowplow_tracker.self_describing_json.SelfDescribingJson object at 0x7f3efa58da30>]}
[0m22:02:50.432820 [debug] [MainThread]: Sending event: {'category': 'dbt', 'action': 'adapter_info', 'label': 'eea4cc2f-2fea-4a85-90ef-ff5900eab23d', 'context': [<snowplow_tracker.self_describing_json.SelfDescribingJson object at 0x7f3efac96240>]}
[0m22:02:50.433555 [info ] [MainThread]: Registered adapter: sqlserver=1.9.2
[0m22:02:50.512608 [debug] [MainThread]: checksum: 30a8cc8fdcbf66701b0944d4ccce3fa46dd04b61e5df68b9f16d57b2e0e3f0be, vars: {}, profile: , target: , version: 1.11.11
[0m22:02:50.513303 [info ] [MainThread]: Unable to do partial parsing because saved manifest not found. Starting full parse.
[0m22:02:50.513668 [debug] [MainThread]: Sending event: {'category': 'dbt', 'action': 'partial_parser', 'label': 'eea4cc2f-2fea-4a85-90ef-ff5900eab23d', 'context': [<snowplow_tracker.self_describing_json.SelfDescribingJson object at 0x7f3ef9abab70>]}
[0m22:02:51.774500 [debug] [MainThread]: Sending event: {'category': 'dbt', 'action': 'load_project', 'label': 'eea4cc2f-2fea-4a85-90ef-ff5900eab23d', 'context': [<snowplow_tracker.self_describing_json.SelfDescribingJson object at 0x7f3ef95cfe90>]}
[0m22:02:51.842173 [debug] [MainThread]: Wrote artifact WritableManifest to dbt/target/manifest.json
[0m22:02:51.844893 [debug] [MainThread]: Wrote artifact SemanticManifest to dbt/target/semantic_manifest.json
[0m22:02:51.875462 [debug] [MainThread]: Sending event: {'category': 'dbt', 'action': 'resource_counts', 'label': 'eea4cc2f-2fea-4a85-90ef-ff5900eab23d', 'context': [<snowplow_tracker.self_describing_json.SelfDescribingJson object at 0x7f3ef817fd10>]}
[0m22:02:51.875949 [info ] [MainThread]: Found 9 models, 4 sources, 518 macros
[0m22:02:51.876296 [debug] [MainThread]: Sending event: {'category': 'dbt', 'action': 'runnable_timing', 'label': 'eea4cc2f-2fea-4a85-90ef-ff5900eab23d', 'context': [<snowplow_tracker.self_describing_json.SelfDescribingJson object at 0x7f3ef983d4c0>]}
[0m22:02:51.877937 [info ] [MainThread]: 
[0m22:02:51.878318 [info ] [MainThread]: Concurrency: 4 threads (target='dev')
[0m22:02:51.878610 [info ] [MainThread]: 
[0m22:02:51.879109 [debug] [MainThread]: Acquiring new sqlserver connection 'master'
[0m22:02:51.883829 [debug] [ThreadPool]: Acquiring new sqlserver connection 'list_analytics'
[0m22:02:51.884540 [debug] [ThreadPool]: Acquiring new sqlserver connection 'list_analytics'
[0m22:02:51.895567 [debug] [ThreadPool]: Acquiring new sqlserver connection 'list_analytics'
[0m22:02:51.898305 [debug] [ThreadPool]: dbt-sqlserver
[0m22:02:51.900406 [debug] [ThreadPool]: dbt-sqlserver
[0m22:02:51.902663 [debug] [ThreadPool]: dbt-sqlserver
[0m22:02:51.903228 [debug] [ThreadPool]: Using sqlserver connection "list_analytics"
[0m22:02:51.903649 [debug] [ThreadPool]: Using sqlserver connection "list_analytics"
[0m22:02:51.904047 [debug] [ThreadPool]: Using sqlserver connection "list_analytics"
[0m22:02:51.904515 [debug] [ThreadPool]: On list_analytics: /* {"app": "dbt", "dbt_version": "1.11.11", "profile_name": "data_pipeline", "target_name": "dev", "connection_name": "list_analytics"} */
USE [analytics];
    select  name as [schema]
    from sys.schemas with (nolock) 
    OPTION (LABEL = 'dbt-sqlserver');

  
[0m22:02:51.904943 [debug] [ThreadPool]: On list_analytics: /* {"app": "dbt", "dbt_version": "1.11.11", "profile_name": "data_pipeline", "target_name": "dev", "connection_name": "list_analytics"} */
USE [analytics];
    select  name as [schema]
    from sys.schemas with (nolock) 
    OPTION (LABEL = 'dbt-sqlserver');

  
[0m22:02:51.905321 [debug] [ThreadPool]: On list_analytics: /* {"app": "dbt", "dbt_version": "1.11.11", "profile_name": "data_pipeline", "target_name": "dev", "connection_name": "list_analytics"} */
USE [analytics];
    select  name as [schema]
    from sys.schemas with (nolock) 
    OPTION (LABEL = 'dbt-sqlserver');

  
[0m22:02:51.905677 [debug] [ThreadPool]: Opening a new connection, currently in state init
[0m22:02:51.906019 [debug] [ThreadPool]: Opening a new connection, currently in state init
[0m22:02:51.906365 [debug] [ThreadPool]: Opening a new connection, currently in state init
[0m22:02:51.906765 [debug] [ThreadPool]: sqlserver adapter: Using connection string: DRIVER={ODBC Driver 18 for SQL Server};SERVER=localhost,1433;Database=analytics;Pooling=true;SQL_ATTR_TRACE=SQL_OPT_TRACE_OFF;UID={sa};PWD=***;encrypt=Yes;TrustServerCertificate=Yes;APP=dbt-sqlserver/1.9.2;ConnectRetryCount=3;ConnectRetryInterval=10
[0m22:02:51.907132 [debug] [ThreadPool]: sqlserver adapter: Using connection string: DRIVER={ODBC Driver 18 for SQL Server};SERVER=localhost,1433;Database=analytics;Pooling=true;SQL_ATTR_TRACE=SQL_OPT_TRACE_OFF;UID={sa};PWD=***;encrypt=Yes;TrustServerCertificate=Yes;APP=dbt-sqlserver/1.9.2;ConnectRetryCount=3;ConnectRetryInterval=10
[0m22:02:51.907513 [debug] [ThreadPool]: sqlserver adapter: Using connection string: DRIVER={ODBC Driver 18 for SQL Server};SERVER=localhost,1433;Database=analytics;Pooling=true;SQL_ATTR_TRACE=SQL_OPT_TRACE_OFF;UID={sa};PWD=***;encrypt=Yes;TrustServerCertificate=Yes;APP=dbt-sqlserver/1.9.2;ConnectRetryCount=3;ConnectRetryInterval=10
[0m22:02:51.922855 [debug] [ThreadPool]: sqlserver adapter: Connected to db: analytics
[0m22:02:51.923377 [debug] [ThreadPool]: sqlserver adapter: Connected to db: analytics
[0m22:02:51.923683 [debug] [ThreadPool]: sqlserver adapter: Connected to db: analytics
[0m22:02:51.924954 [debug] [ThreadPool]: SQL status: OK in 0.000 seconds
[0m22:02:51.925464 [debug] [ThreadPool]: SQL status: OK in 0.000 seconds
[0m22:02:51.926910 [debug] [ThreadPool]: On list_analytics: Close
[0m22:02:51.927391 [debug] [ThreadPool]: SQL status: OK in 0.000 seconds
[0m22:02:51.928852 [debug] [ThreadPool]: On list_analytics: Close
[0m22:02:51.930092 [debug] [ThreadPool]: On list_analytics: Close
[0m22:02:51.930784 [debug] [ThreadPool]: Re-using an available connection from the pool (formerly list_analytics, now create_analytics_marts)
[0m22:02:51.931238 [debug] [ThreadPool]: Re-using an available connection from the pool (formerly list_analytics, now create_analytics_staging)
[0m22:02:51.931720 [debug] [ThreadPool]: Creating schema "database: "analytics"
schema: "marts"
"
[0m22:02:51.932083 [debug] [ThreadPool]: Re-using an available connection from the pool (formerly list_analytics, now create_analytics_intermediate)
[0m22:02:51.932535 [debug] [ThreadPool]: Creating schema "database: "analytics"
schema: "staging"
"
[0m22:02:51.936355 [debug] [ThreadPool]: Using sqlserver connection "create_analytics_marts"
[0m22:02:51.936884 [debug] [ThreadPool]: Creating schema "database: "analytics"
schema: "intermediate"
"
[0m22:02:51.938306 [debug] [ThreadPool]: Using sqlserver connection "create_analytics_staging"
[0m22:02:51.938664 [debug] [ThreadPool]: On create_analytics_marts: /* {"app": "dbt", "dbt_version": "1.11.11", "profile_name": "data_pipeline", "target_name": "dev", "connection_name": "create_analytics_marts"} */
USE [analytics];
    IF NOT EXISTS (SELECT * FROM sys.schemas WHERE name = 'marts')
    BEGIN
    EXEC('CREATE SCHEMA [marts]')
    END
  
[0m22:02:51.939953 [debug] [ThreadPool]: Using sqlserver connection "create_analytics_intermediate"
[0m22:02:51.940345 [debug] [ThreadPool]: On create_analytics_staging: /* {"app": "dbt", "dbt_version": "1.11.11", "profile_name": "data_pipeline", "target_name": "dev", "connection_name": "create_analytics_staging"} */
USE [analytics];
    IF NOT EXISTS (SELECT * FROM sys.schemas WHERE name = 'staging')
    BEGIN
    EXEC('CREATE SCHEMA [staging]')
    END
  
[0m22:02:51.940725 [debug] [ThreadPool]: Opening a new connection, currently in state closed
[0m22:02:51.941123 [debug] [ThreadPool]: On create_analytics_intermediate: /* {"app": "dbt", "dbt_version": "1.11.11", "profile_name": "data_pipeline", "target_name": "dev", "connection_name": "create_analytics_intermediate"} */
USE [analytics];
    IF NOT EXISTS (SELECT * FROM sys.schemas WHERE name = 'intermediate')
    BEGIN
    EXEC('CREATE SCHEMA [intermediate]')
    END
  
[0m22:02:51.941474 [debug] [ThreadPool]: Opening a new connection, currently in state closed
[0m22:02:51.941879 [debug] [ThreadPool]: sqlserver adapter: Using connection string: DRIVER={ODBC Driver 18 for SQL Server};SERVER=localhost,1433;Database=analytics;Pooling=true;SQL_ATTR_TRACE=SQL_OPT_TRACE_OFF;UID={sa};PWD=***;encrypt=Yes;TrustServerCertificate=Yes;APP=dbt-sqlserver/1.9.2;ConnectRetryCount=3;ConnectRetryInterval=10
[0m22:02:51.942245 [debug] [ThreadPool]: Opening a new connection, currently in state closed
[0m22:02:51.942616 [debug] [ThreadPool]: sqlserver adapter: Using connection string: DRIVER={ODBC Driver 18 for SQL Server};SERVER=localhost,1433;Database=analytics;Pooling=true;SQL_ATTR_TRACE=SQL_OPT_TRACE_OFF;UID={sa};PWD=***;encrypt=Yes;TrustServerCertificate=Yes;APP=dbt-sqlserver/1.9.2;ConnectRetryCount=3;ConnectRetryInterval=10
[0m22:02:51.943085 [debug] [ThreadPool]: sqlserver adapter: Connected to db: analytics
[0m22:02:51.943385 [debug] [ThreadPool]: sqlserver adapter: Using connection string: DRIVER={ODBC Driver 18 for SQL Server};SERVER=localhost,1433;Database=analytics;Pooling=true;SQL_ATTR_TRACE=SQL_OPT_TRACE_OFF;UID={sa};PWD=***;encrypt=Yes;TrustServerCertificate=Yes;APP=dbt-sqlserver/1.9.2;ConnectRetryCount=3;ConnectRetryInterval=10
[0m22:02:51.943830 [debug] [ThreadPool]: sqlserver adapter: Connected to db: analytics
[0m22:02:51.944320 [debug] [ThreadPool]: sqlserver adapter: Connected to db: analytics
[0m22:02:51.955844 [debug] [ThreadPool]: SQL status: OK in 0.000 seconds
[0m22:02:51.956382 [debug] [ThreadPool]: SQL status: OK in 0.000 seconds
[0m22:02:51.957450 [debug] [ThreadPool]: SQL status: OK in 0.000 seconds
[0m22:02:51.958375 [debug] [ThreadPool]: On create_analytics_intermediate: COMMIT
[0m22:02:51.958759 [debug] [ThreadPool]: On create_analytics_staging: COMMIT
[0m22:02:51.959445 [debug] [ThreadPool]: On create_analytics_marts: COMMIT
[0m22:02:51.959815 [debug] [ThreadPool]: On create_analytics_intermediate: Close
[0m22:02:51.960208 [debug] [ThreadPool]: On create_analytics_staging: Close
[0m22:02:51.960582 [debug] [ThreadPool]: On create_analytics_marts: Close
[0m22:02:51.962911 [debug] [ThreadPool]: Re-using an available connection from the pool (formerly create_analytics_marts, now list_analytics_marts)
[0m22:02:51.963483 [debug] [ThreadPool]: Re-using an available connection from the pool (formerly create_analytics_staging, now list_analytics_staging)
[0m22:02:51.968648 [debug] [ThreadPool]: dbt-sqlserver
[0m22:02:51.969192 [debug] [ThreadPool]: Re-using an available connection from the pool (formerly create_analytics_intermediate, now list_analytics_intermediate)
[0m22:02:51.971329 [debug] [ThreadPool]: dbt-sqlserver
[0m22:02:51.971860 [debug] [ThreadPool]: Using sqlserver connection "list_analytics_marts"
[0m22:02:51.973648 [debug] [ThreadPool]: dbt-sqlserver
[0m22:02:51.974448 [debug] [ThreadPool]: Using sqlserver connection "list_analytics_staging"
[0m22:02:51.975115 [debug] [ThreadPool]: On list_analytics_marts: /* {"app": "dbt", "dbt_version": "1.11.11", "profile_name": "data_pipeline", "target_name": "dev", "connection_name": "list_analytics_marts"} */
USE [analytics];
    with base as (
      select
        DB_NAME() as [database],
        t.name as [name],
        SCHEMA_NAME(t.schema_id) as [schema],
        'table' as table_type
      from sys.tables as t with (nolock)
      union all
      select
        DB_NAME() as [database],
        v.name as [name],
        SCHEMA_NAME(v.schema_id) as [schema],
        'view' as table_type
      from sys.views as v with (nolock)
    )
    select * from base
    where [schema] like 'marts'
    
    OPTION (LABEL = 'dbt-sqlserver');

  
[0m22:02:51.975829 [debug] [ThreadPool]: Using sqlserver connection "list_analytics_intermediate"
[0m22:02:51.976325 [debug] [ThreadPool]: On list_analytics_staging: /* {"app": "dbt", "dbt_version": "1.11.11", "profile_name": "data_pipeline", "target_name": "dev", "connection_name": "list_analytics_staging"} */
USE [analytics];
    with base as (
      select
        DB_NAME() as [database],
        t.name as [name],
        SCHEMA_NAME(t.schema_id) as [schema],
        'table' as table_type
      from sys.tables as t with (nolock)
      union all
      select
        DB_NAME() as [database],
        v.name as [name],
        SCHEMA_NAME(v.schema_id) as [schema],
        'view' as table_type
      from sys.views as v with (nolock)
    )
    select * from base
    where [schema] like 'staging'
    
    OPTION (LABEL = 'dbt-sqlserver');

  
[0m22:02:51.976703 [debug] [ThreadPool]: Opening a new connection, currently in state closed
[0m22:02:51.977094 [debug] [ThreadPool]: On list_analytics_intermediate: /* {"app": "dbt", "dbt_version": "1.11.11", "profile_name": "data_pipeline", "target_name": "dev", "connection_name": "list_analytics_intermediate"} */
USE [analytics];
    with base as (
      select
        DB_NAME() as [database],
        t.name as [name],
        SCHEMA_NAME(t.schema_id) as [schema],
        'table' as table_type
      from sys.tables as t with (nolock)
      union all
      select
        DB_NAME() as [database],
        v.name as [name],
        SCHEMA_NAME(v.schema_id) as [schema],
        'view' as table_type
      from sys.views as v with (nolock)
    )
    select * from base
    where [schema] like 'intermediate'
    
    OPTION (LABEL = 'dbt-sqlserver');

  
[0m22:02:51.977454 [debug] [ThreadPool]: Opening a new connection, currently in state closed
[0m22:02:51.977827 [debug] [ThreadPool]: sqlserver adapter: Using connection string: DRIVER={ODBC Driver 18 for SQL Server};SERVER=localhost,1433;Database=analytics;Pooling=true;SQL_ATTR_TRACE=SQL_OPT_TRACE_OFF;UID={sa};PWD=***;encrypt=Yes;TrustServerCertificate=Yes;APP=dbt-sqlserver/1.9.2;ConnectRetryCount=3;ConnectRetryInterval=10
[0m22:02:51.978225 [debug] [ThreadPool]: Opening a new connection, currently in state closed
[0m22:02:51.978614 [debug] [ThreadPool]: sqlserver adapter: Using connection string: DRIVER={ODBC Driver 18 for SQL Server};SERVER=localhost,1433;Database=analytics;Pooling=true;SQL_ATTR_TRACE=SQL_OPT_TRACE_OFF;UID={sa};PWD=***;encrypt=Yes;TrustServerCertificate=Yes;APP=dbt-sqlserver/1.9.2;ConnectRetryCount=3;ConnectRetryInterval=10
[0m22:02:51.979101 [debug] [ThreadPool]: sqlserver adapter: Connected to db: analytics
[0m22:02:51.979481 [debug] [ThreadPool]: sqlserver adapter: Using connection string: DRIVER={ODBC Driver 18 for SQL Server};SERVER=localhost,1433;Database=analytics;Pooling=true;SQL_ATTR_TRACE=SQL_OPT_TRACE_OFF;UID={sa};PWD=***;encrypt=Yes;TrustServerCertificate=Yes;APP=dbt-sqlserver/1.9.2;ConnectRetryCount=3;ConnectRetryInterval=10
[0m22:02:51.979913 [debug] [ThreadPool]: sqlserver adapter: Connected to db: analytics
[0m22:02:51.980556 [debug] [ThreadPool]: sqlserver adapter: Connected to db: analytics
[0m22:02:52.004501 [debug] [ThreadPool]: SQL status: OK in 0.000 seconds
[0m22:02:52.005713 [debug] [ThreadPool]: On list_analytics_intermediate: ROLLBACK
[0m22:02:52.006143 [debug] [ThreadPool]: On list_analytics_intermediate: Close
[0m22:02:52.021911 [debug] [ThreadPool]: SQL status: OK in 0.000 seconds
[0m22:02:52.023495 [debug] [ThreadPool]: On list_analytics_marts: ROLLBACK
[0m22:02:52.024127 [debug] [ThreadPool]: On list_analytics_marts: Close
[0m22:02:52.025672 [debug] [ThreadPool]: SQL status: OK in 0.000 seconds
[0m22:02:52.027175 [debug] [ThreadPool]: On list_analytics_staging: ROLLBACK
[0m22:02:52.027761 [debug] [ThreadPool]: On list_analytics_staging: Close
[0m22:02:52.028754 [debug] [MainThread]: Sending event: {'category': 'dbt', 'action': 'runnable_timing', 'label': 'eea4cc2f-2fea-4a85-90ef-ff5900eab23d', 'context': [<snowplow_tracker.self_describing_json.SelfDescribingJson object at 0x7f3ef95b7590>]}
[0m22:02:52.029251 [debug] [MainThread]: On master: COMMIT
[0m22:02:52.033379 [debug] [Thread-1 (]: Began running node model.data_pipeline.stg_comments
[0m22:02:52.033929 [debug] [Thread-2 (]: Began running node model.data_pipeline.stg_posts
[0m22:02:52.034399 [debug] [Thread-3 (]: Began running node model.data_pipeline.stg_todos
[0m22:02:52.035298 [debug] [Thread-4 (]: Began running node model.data_pipeline.stg_users
[0m22:02:52.034966 [info ] [Thread-1 (]: 1 of 9 START sql view model staging.stg_comments ............................... [RUN]
[0m22:02:52.035981 [info ] [Thread-2 (]: 2 of 9 START sql view model staging.stg_posts .................................. [RUN]
[0m22:02:52.036524 [info ] [Thread-3 (]: 3 of 9 START sql view model staging.stg_todos .................................. [RUN]
[0m22:02:52.037221 [info ] [Thread-4 (]: 4 of 9 START sql view model staging.stg_users .................................. [RUN]
[0m22:02:52.037851 [debug] [Thread-1 (]: Re-using an available connection from the pool (formerly list_analytics_staging, now model.data_pipeline.stg_comments)
[0m22:02:52.038517 [debug] [Thread-2 (]: Re-using an available connection from the pool (formerly list_analytics_marts, now model.data_pipeline.stg_posts)
[0m22:02:52.039016 [debug] [Thread-3 (]: Re-using an available connection from the pool (formerly list_analytics_intermediate, now model.data_pipeline.stg_todos)
[0m22:02:52.039626 [debug] [Thread-4 (]: Acquiring new sqlserver connection 'model.data_pipeline.stg_users'
[0m22:02:52.040075 [debug] [Thread-1 (]: Began compiling node model.data_pipeline.stg_comments
[0m22:02:52.040481 [debug] [Thread-2 (]: Began compiling node model.data_pipeline.stg_posts
[0m22:02:52.040894 [debug] [Thread-3 (]: Began compiling node model.data_pipeline.stg_todos
[0m22:02:52.041461 [debug] [Thread-4 (]: Began compiling node model.data_pipeline.stg_users
[0m22:02:52.048641 [debug] [Thread-1 (]: Writing injected SQL for node "model.data_pipeline.stg_comments"
[0m22:02:52.053393 [debug] [Thread-2 (]: Writing injected SQL for node "model.data_pipeline.stg_posts"
[0m22:02:52.058475 [debug] [Thread-3 (]: Writing injected SQL for node "model.data_pipeline.stg_todos"
[0m22:02:52.062209 [debug] [Thread-4 (]: Writing injected SQL for node "model.data_pipeline.stg_users"
[0m22:02:52.064931 [debug] [Thread-3 (]: Began executing node model.data_pipeline.stg_todos
[0m22:02:52.070843 [debug] [Thread-2 (]: Began executing node model.data_pipeline.stg_posts
[0m22:02:52.076586 [debug] [Thread-4 (]: Began executing node model.data_pipeline.stg_users
[0m22:02:52.103583 [debug] [Thread-1 (]: Began executing node model.data_pipeline.stg_comments
[0m22:02:52.109731 [debug] [Thread-2 (]: Writing runtime sql for node "model.data_pipeline.stg_posts"
[0m22:02:52.112620 [debug] [Thread-3 (]: Writing runtime sql for node "model.data_pipeline.stg_todos"
[0m22:02:52.115540 [debug] [Thread-4 (]: Writing runtime sql for node "model.data_pipeline.stg_users"
[0m22:02:52.118174 [debug] [Thread-1 (]: Writing runtime sql for node "model.data_pipeline.stg_comments"
[0m22:02:52.120092 [debug] [Thread-2 (]: Using sqlserver connection "model.data_pipeline.stg_posts"
[0m22:02:52.120626 [debug] [Thread-1 (]: Using sqlserver connection "model.data_pipeline.stg_comments"
[0m22:02:52.121154 [debug] [Thread-3 (]: Using sqlserver connection "model.data_pipeline.stg_todos"
[0m22:02:52.121581 [debug] [Thread-4 (]: Using sqlserver connection "model.data_pipeline.stg_users"
[0m22:02:52.121948 [debug] [Thread-2 (]: On model.data_pipeline.stg_posts: /* {"app": "dbt", "dbt_version": "1.11.11", "profile_name": "data_pipeline", "target_name": "dev", "node_id": "model.data_pipeline.stg_posts"} */
USE [analytics];
    
    

    

    
    USE [analytics];
    EXEC('
        create view "staging"."stg_posts__dbt_tmp" as select
    id      as post_id,
    user_id,
    title,
    body
from "analytics"."raw"."posts";
    ')


[0m22:02:52.122383 [debug] [Thread-1 (]: On model.data_pipeline.stg_comments: /* {"app": "dbt", "dbt_version": "1.11.11", "profile_name": "data_pipeline", "target_name": "dev", "node_id": "model.data_pipeline.stg_comments"} */
USE [analytics];
    
    

    

    
    USE [analytics];
    EXEC('
        create view "staging"."stg_comments__dbt_tmp" as select
    id      as comment_id,
    post_id,
    name    as commenter_name,
    email   as commenter_email,
    body
from "analytics"."raw"."comments";
    ')


[0m22:02:52.122796 [debug] [Thread-3 (]: On model.data_pipeline.stg_todos: /* {"app": "dbt", "dbt_version": "1.11.11", "profile_name": "data_pipeline", "target_name": "dev", "node_id": "model.data_pipeline.stg_todos"} */
USE [analytics];
    
    

    

    
    USE [analytics];
    EXEC('
        create view "staging"."stg_todos__dbt_tmp" as select
    id                          as todo_id,
    user_id,
    title,
    cast(completed as bit)      as is_completed
from "analytics"."raw"."todos";
    ')


[0m22:02:52.123234 [debug] [Thread-4 (]: On model.data_pipeline.stg_users: /* {"app": "dbt", "dbt_version": "1.11.11", "profile_name": "data_pipeline", "target_name": "dev", "node_id": "model.data_pipeline.stg_users"} */
USE [analytics];
    
    

    

    
    USE [analytics];
    EXEC('
        create view "staging"."stg_users__dbt_tmp" as select
    id                  as user_id,
    name,
    username,
    email,
    phone,
    website,
    address__city       as city,
    address__zipcode    as zipcode,
    company__name       as company_name
from "analytics"."raw"."users";
    ')


[0m22:02:52.123641 [debug] [Thread-2 (]: Opening a new connection, currently in state closed
[0m22:02:52.124030 [debug] [Thread-1 (]: Opening a new connection, currently in state closed
[0m22:02:52.124486 [debug] [Thread-3 (]: Opening a new connection, currently in state closed
[0m22:02:52.124895 [debug] [Thread-4 (]: Opening a new connection, currently in state init
[0m22:02:52.125333 [debug] [Thread-2 (]: sqlserver adapter: Using connection string: DRIVER={ODBC Driver 18 for SQL Server};SERVER=localhost,1433;Database=analytics;Pooling=true;SQL_ATTR_TRACE=SQL_OPT_TRACE_OFF;UID={sa};PWD=***;encrypt=Yes;TrustServerCertificate=Yes;APP=dbt-sqlserver/1.9.2;ConnectRetryCount=3;ConnectRetryInterval=10
[0m22:02:52.125756 [debug] [Thread-1 (]: sqlserver adapter: Using connection string: DRIVER={ODBC Driver 18 for SQL Server};SERVER=localhost,1433;Database=analytics;Pooling=true;SQL_ATTR_TRACE=SQL_OPT_TRACE_OFF;UID={sa};PWD=***;encrypt=Yes;TrustServerCertificate=Yes;APP=dbt-sqlserver/1.9.2;ConnectRetryCount=3;ConnectRetryInterval=10
[0m22:02:52.126213 [debug] [Thread-3 (]: sqlserver adapter: Using connection string: DRIVER={ODBC Driver 18 for SQL Server};SERVER=localhost,1433;Database=analytics;Pooling=true;SQL_ATTR_TRACE=SQL_OPT_TRACE_OFF;UID={sa};PWD=***;encrypt=Yes;TrustServerCertificate=Yes;APP=dbt-sqlserver/1.9.2;ConnectRetryCount=3;ConnectRetryInterval=10
[0m22:02:52.126628 [debug] [Thread-4 (]: sqlserver adapter: Using connection string: DRIVER={ODBC Driver 18 for SQL Server};SERVER=localhost,1433;Database=analytics;Pooling=true;SQL_ATTR_TRACE=SQL_OPT_TRACE_OFF;UID={sa};PWD=***;encrypt=Yes;TrustServerCertificate=Yes;APP=dbt-sqlserver/1.9.2;ConnectRetryCount=3;ConnectRetryInterval=10
[0m22:02:52.127115 [debug] [Thread-2 (]: sqlserver adapter: Connected to db: analytics
[0m22:02:52.127597 [debug] [Thread-1 (]: sqlserver adapter: Connected to db: analytics
[0m22:02:52.135879 [debug] [Thread-4 (]: sqlserver adapter: Connected to db: analytics
[0m22:02:52.136351 [debug] [Thread-3 (]: sqlserver adapter: Connected to db: analytics
[0m22:02:52.140445 [debug] [Thread-1 (]: SQL status: OK in 0.000 seconds
[0m22:02:52.145757 [debug] [Thread-1 (]: Using sqlserver connection "model.data_pipeline.stg_comments"
[0m22:02:52.146261 [debug] [Thread-1 (]: On model.data_pipeline.stg_comments: /* {"app": "dbt", "dbt_version": "1.11.11", "profile_name": "data_pipeline", "target_name": "dev", "node_id": "model.data_pipeline.stg_comments"} */
USE [analytics];
      EXEC sp_rename 'staging.stg_comments__dbt_tmp', 'stg_comments'
[0m22:02:52.151530 [debug] [Thread-2 (]: SQL status: OK in 0.000 seconds
[0m22:02:52.154502 [debug] [Thread-2 (]: Using sqlserver connection "model.data_pipeline.stg_posts"
[0m22:02:52.155040 [debug] [Thread-3 (]: SQL status: OK in 0.000 seconds
[0m22:02:52.155479 [debug] [Thread-4 (]: SQL status: OK in 0.000 seconds
[0m22:02:52.155907 [debug] [Thread-2 (]: On model.data_pipeline.stg_posts: /* {"app": "dbt", "dbt_version": "1.11.11", "profile_name": "data_pipeline", "target_name": "dev", "node_id": "model.data_pipeline.stg_posts"} */
USE [analytics];
      EXEC sp_rename 'staging.stg_posts__dbt_tmp', 'stg_posts'
[0m22:02:52.161661 [debug] [Thread-3 (]: Using sqlserver connection "model.data_pipeline.stg_todos"
[0m22:02:52.247771 [debug] [Thread-4 (]: Using sqlserver connection "model.data_pipeline.stg_users"
[0m22:02:52.248429 [debug] [Thread-3 (]: On model.data_pipeline.stg_todos: /* {"app": "dbt", "dbt_version": "1.11.11", "profile_name": "data_pipeline", "target_name": "dev", "node_id": "model.data_pipeline.stg_todos"} */
USE [analytics];
      EXEC sp_rename 'staging.stg_todos__dbt_tmp', 'stg_todos'
[0m22:02:52.248879 [debug] [Thread-4 (]: On model.data_pipeline.stg_users: /* {"app": "dbt", "dbt_version": "1.11.11", "profile_name": "data_pipeline", "target_name": "dev", "node_id": "model.data_pipeline.stg_users"} */
USE [analytics];
      EXEC sp_rename 'staging.stg_users__dbt_tmp', 'stg_users'
[0m22:02:52.326343 [debug] [Thread-3 (]: SQL status: OK in 0.000 seconds
[0m22:02:52.327047 [debug] [Thread-4 (]: SQL status: OK in 0.000 seconds
[0m22:02:52.327929 [debug] [Thread-2 (]: SQL status: OK in 0.000 seconds
[0m22:02:52.328275 [debug] [Thread-1 (]: SQL status: OK in 0.000 seconds
[0m22:02:52.343425 [debug] [Thread-3 (]: On model.data_pipeline.stg_todos: COMMIT
[0m22:02:52.344252 [debug] [Thread-4 (]: On model.data_pipeline.stg_users: COMMIT
[0m22:02:52.345444 [debug] [Thread-2 (]: On model.data_pipeline.stg_posts: COMMIT
[0m22:02:52.346809 [debug] [Thread-1 (]: On model.data_pipeline.stg_comments: COMMIT
[0m22:02:52.353238 [debug] [Thread-3 (]: Applying DROP to: "analytics"."staging"."stg_todos__dbt_backup"
[0m22:02:52.355543 [debug] [Thread-4 (]: Applying DROP to: "analytics"."staging"."stg_users__dbt_backup"
[0m22:02:52.357787 [debug] [Thread-2 (]: Applying DROP to: "analytics"."staging"."stg_posts__dbt_backup"
[0m22:02:52.359923 [debug] [Thread-1 (]: Applying DROP to: "analytics"."staging"."stg_comments__dbt_backup"
[0m22:02:52.367594 [debug] [Thread-3 (]: dbt-sqlserver
[0m22:02:52.368610 [debug] [Thread-4 (]: dbt-sqlserver
[0m22:02:52.369378 [debug] [Thread-2 (]: dbt-sqlserver
[0m22:02:52.370218 [debug] [Thread-1 (]: dbt-sqlserver
[0m22:02:52.371240 [debug] [Thread-3 (]: Using sqlserver connection "model.data_pipeline.stg_todos"
[0m22:02:52.372105 [debug] [Thread-4 (]: Using sqlserver connection "model.data_pipeline.stg_users"
[0m22:02:52.372792 [debug] [Thread-2 (]: Using sqlserver connection "model.data_pipeline.stg_posts"
[0m22:02:52.373435 [debug] [Thread-1 (]: Using sqlserver connection "model.data_pipeline.stg_comments"
[0m22:02:52.374021 [debug] [Thread-3 (]: On model.data_pipeline.stg_todos: /* {"app": "dbt", "dbt_version": "1.11.11", "profile_name": "data_pipeline", "target_name": "dev", "node_id": "model.data_pipeline.stg_todos"} */

        USE [analytics];
        select
            sch.name as schema_name,
            obj.name as view_name
        from sys.sql_expression_dependencies refs
        inner join sys.objects obj
        on refs.referencing_id = obj.object_id
        inner join sys.schemas sch
        on obj.schema_id = sch.schema_id
        where refs.referenced_database_name = 'analytics'
        and refs.referenced_schema_name = 'staging'
        and refs.referenced_entity_name = 'stg_todos__dbt_backup'
        and obj.type = 'V'
        
    OPTION (LABEL = 'dbt-sqlserver');

      
[0m22:02:52.374653 [debug] [Thread-4 (]: On model.data_pipeline.stg_users: /* {"app": "dbt", "dbt_version": "1.11.11", "profile_name": "data_pipeline", "target_name": "dev", "node_id": "model.data_pipeline.stg_users"} */

        USE [analytics];
        select
            sch.name as schema_name,
            obj.name as view_name
        from sys.sql_expression_dependencies refs
        inner join sys.objects obj
        on refs.referencing_id = obj.object_id
        inner join sys.schemas sch
        on obj.schema_id = sch.schema_id
        where refs.referenced_database_name = 'analytics'
        and refs.referenced_schema_name = 'staging'
        and refs.referenced_entity_name = 'stg_users__dbt_backup'
        and obj.type = 'V'
        
    OPTION (LABEL = 'dbt-sqlserver');

      
[0m22:02:52.375237 [debug] [Thread-2 (]: On model.data_pipeline.stg_posts: /* {"app": "dbt", "dbt_version": "1.11.11", "profile_name": "data_pipeline", "target_name": "dev", "node_id": "model.data_pipeline.stg_posts"} */

        USE [analytics];
        select
            sch.name as schema_name,
            obj.name as view_name
        from sys.sql_expression_dependencies refs
        inner join sys.objects obj
        on refs.referencing_id = obj.object_id
        inner join sys.schemas sch
        on obj.schema_id = sch.schema_id
        where refs.referenced_database_name = 'analytics'
        and refs.referenced_schema_name = 'staging'
        and refs.referenced_entity_name = 'stg_posts__dbt_backup'
        and obj.type = 'V'
        
    OPTION (LABEL = 'dbt-sqlserver');

      
[0m22:02:52.375949 [debug] [Thread-1 (]: On model.data_pipeline.stg_comments: /* {"app": "dbt", "dbt_version": "1.11.11", "profile_name": "data_pipeline", "target_name": "dev", "node_id": "model.data_pipeline.stg_comments"} */

        USE [analytics];
        select
            sch.name as schema_name,
            obj.name as view_name
        from sys.sql_expression_dependencies refs
        inner join sys.objects obj
        on refs.referencing_id = obj.object_id
        inner join sys.schemas sch
        on obj.schema_id = sch.schema_id
        where refs.referenced_database_name = 'analytics'
        and refs.referenced_schema_name = 'staging'
        and refs.referenced_entity_name = 'stg_comments__dbt_backup'
        and obj.type = 'V'
        
    OPTION (LABEL = 'dbt-sqlserver');

      
[0m22:02:52.394117 [debug] [Thread-3 (]: SQL status: OK in 0.000 seconds
[0m22:02:52.396525 [debug] [Thread-3 (]: Using sqlserver connection "model.data_pipeline.stg_todos"
[0m22:02:52.397018 [debug] [Thread-3 (]: On model.data_pipeline.stg_todos: /* {"app": "dbt", "dbt_version": "1.11.11", "profile_name": "data_pipeline", "target_name": "dev", "node_id": "model.data_pipeline.stg_todos"} */

      
      
    
    USE [analytics];
    EXEC('DROP view IF EXISTS "staging"."stg_todos__dbt_backup";');

[0m22:02:52.399075 [debug] [Thread-3 (]: SQL status: OK in 0.000 seconds
[0m22:02:52.402028 [debug] [Thread-3 (]: On model.data_pipeline.stg_todos: ROLLBACK
[0m22:02:52.402563 [debug] [Thread-3 (]: On model.data_pipeline.stg_todos: Close
[0m22:02:52.404843 [debug] [Thread-3 (]: Sending event: {'category': 'dbt', 'action': 'run_model', 'label': 'eea4cc2f-2fea-4a85-90ef-ff5900eab23d', 'context': [<snowplow_tracker.self_describing_json.SelfDescribingJson object at 0x7f3ef3aa2db0>]}
[0m22:02:52.405895 [info ] [Thread-3 (]: 3 of 9 OK created sql view model staging.stg_todos ............................. [[32mOK[0m in 0.36s]
[0m22:02:52.406649 [debug] [Thread-3 (]: Finished running node model.data_pipeline.stg_todos
[0m22:02:52.407233 [debug] [Thread-1 (]: SQL status: OK in 0.000 seconds
[0m22:02:52.408957 [debug] [Thread-2 (]: SQL status: OK in 0.000 seconds
[0m22:02:52.409688 [debug] [Thread-1 (]: Using sqlserver connection "model.data_pipeline.stg_comments"
[0m22:02:52.410393 [debug] [Thread-1 (]: On model.data_pipeline.stg_comments: /* {"app": "dbt", "dbt_version": "1.11.11", "profile_name": "data_pipeline", "target_name": "dev", "node_id": "model.data_pipeline.stg_comments"} */

      
      
    
    USE [analytics];
    EXEC('DROP view IF EXISTS "staging"."stg_comments__dbt_backup";');

[0m22:02:52.411735 [debug] [Thread-2 (]: Using sqlserver connection "model.data_pipeline.stg_posts"
[0m22:02:52.412554 [debug] [Thread-2 (]: On model.data_pipeline.stg_posts: /* {"app": "dbt", "dbt_version": "1.11.11", "profile_name": "data_pipeline", "target_name": "dev", "node_id": "model.data_pipeline.stg_posts"} */

      
      
    
    USE [analytics];
    EXEC('DROP view IF EXISTS "staging"."stg_posts__dbt_backup";');

[0m22:02:52.413757 [debug] [Thread-1 (]: SQL status: OK in 0.000 seconds
[0m22:02:52.414309 [debug] [Thread-2 (]: SQL status: OK in 0.000 seconds
[0m22:02:52.415873 [debug] [Thread-1 (]: On model.data_pipeline.stg_comments: ROLLBACK
[0m22:02:52.417248 [debug] [Thread-2 (]: On model.data_pipeline.stg_posts: ROLLBACK
[0m22:02:52.417694 [debug] [Thread-1 (]: On model.data_pipeline.stg_comments: Close
[0m22:02:52.418044 [debug] [Thread-2 (]: On model.data_pipeline.stg_posts: Close
[0m22:02:52.418731 [debug] [Thread-1 (]: Sending event: {'category': 'dbt', 'action': 'run_model', 'label': 'eea4cc2f-2fea-4a85-90ef-ff5900eab23d', 'context': [<snowplow_tracker.self_describing_json.SelfDescribingJson object at 0x7f3ef3bc5e80>]}
[0m22:02:52.419341 [debug] [Thread-2 (]: Sending event: {'category': 'dbt', 'action': 'run_model', 'label': 'eea4cc2f-2fea-4a85-90ef-ff5900eab23d', 'context': [<snowplow_tracker.self_describing_json.SelfDescribingJson object at 0x7f3ef3b395e0>]}
[0m22:02:52.420247 [info ] [Thread-1 (]: 1 of 9 OK created sql view model staging.stg_comments .......................... [[32mOK[0m in 0.38s]
[0m22:02:52.421229 [info ] [Thread-2 (]: 2 of 9 OK created sql view model staging.stg_posts ............................. [[32mOK[0m in 0.38s]
[0m22:02:52.422027 [debug] [Thread-1 (]: Finished running node model.data_pipeline.stg_comments
[0m22:02:52.422646 [debug] [Thread-2 (]: Finished running node model.data_pipeline.stg_posts
[0m22:02:52.436384 [debug] [Thread-4 (]: SQL status: OK in 0.000 seconds
[0m22:02:52.438024 [debug] [Thread-4 (]: Using sqlserver connection "model.data_pipeline.stg_users"
[0m22:02:52.438445 [debug] [Thread-4 (]: On model.data_pipeline.stg_users: /* {"app": "dbt", "dbt_version": "1.11.11", "profile_name": "data_pipeline", "target_name": "dev", "node_id": "model.data_pipeline.stg_users"} */

      
      
    
    USE [analytics];
    EXEC('DROP view IF EXISTS "staging"."stg_users__dbt_backup";');

[0m22:02:52.439731 [debug] [Thread-4 (]: SQL status: OK in 0.000 seconds
[0m22:02:52.441202 [debug] [Thread-4 (]: On model.data_pipeline.stg_users: ROLLBACK
[0m22:02:52.441577 [debug] [Thread-4 (]: On model.data_pipeline.stg_users: Close
[0m22:02:52.442086 [debug] [Thread-4 (]: Sending event: {'category': 'dbt', 'action': 'run_model', 'label': 'eea4cc2f-2fea-4a85-90ef-ff5900eab23d', 'context': [<snowplow_tracker.self_describing_json.SelfDescribingJson object at 0x7f3ef3a67f20>]}
[0m22:02:52.442667 [info ] [Thread-4 (]: 4 of 9 OK created sql view model staging.stg_users ............................. [[32mOK[0m in 0.40s]
[0m22:02:52.443217 [debug] [Thread-4 (]: Finished running node model.data_pipeline.stg_users
[0m22:02:52.444139 [debug] [Thread-3 (]: Began running node model.data_pipeline.dim_users
[0m22:02:52.444559 [debug] [Thread-1 (]: Began running node model.data_pipeline.int_posts_enriched
[0m22:02:52.444998 [info ] [Thread-3 (]: 5 of 9 START sql table model marts.dim_users ................................... [RUN]
[0m22:02:52.445552 [info ] [Thread-1 (]: 6 of 9 START sql view model intermediate.int_posts_enriched .................... [RUN]
[0m22:02:52.446063 [debug] [Thread-3 (]: Re-using an available connection from the pool (formerly model.data_pipeline.stg_todos, now model.data_pipeline.dim_users)
[0m22:02:52.446526 [debug] [Thread-1 (]: Re-using an available connection from the pool (formerly model.data_pipeline.stg_comments, now model.data_pipeline.int_posts_enriched)
[0m22:02:52.446949 [debug] [Thread-3 (]: Began compiling node model.data_pipeline.dim_users
[0m22:02:52.447415 [debug] [Thread-1 (]: Began compiling node model.data_pipeline.int_posts_enriched
[0m22:02:52.450081 [debug] [Thread-3 (]: Writing injected SQL for node "model.data_pipeline.dim_users"
[0m22:02:52.452726 [debug] [Thread-1 (]: Writing injected SQL for node "model.data_pipeline.int_posts_enriched"
[0m22:02:52.454081 [debug] [Thread-3 (]: Began executing node model.data_pipeline.dim_users
[0m22:02:52.465120 [debug] [Thread-1 (]: Began executing node model.data_pipeline.int_posts_enriched
[0m22:02:52.479477 [debug] [Thread-3 (]: dbt-sqlserver
[0m22:02:52.483984 [debug] [Thread-1 (]: Writing runtime sql for node "model.data_pipeline.int_posts_enriched"
[0m22:02:52.486392 [debug] [Thread-3 (]: Applying DROP to: "analytics"."marts"."dim_users__dbt_tmp__dbt_tmp_vw"
[0m22:02:52.487256 [debug] [Thread-3 (]: dbt-sqlserver
[0m22:02:52.487967 [debug] [Thread-3 (]: Using sqlserver connection "model.data_pipeline.dim_users"
[0m22:02:52.488570 [debug] [Thread-3 (]: On model.data_pipeline.dim_users: /* {"app": "dbt", "dbt_version": "1.11.11", "profile_name": "data_pipeline", "target_name": "dev", "node_id": "model.data_pipeline.dim_users"} */

        USE [analytics];
        select
            sch.name as schema_name,
            obj.name as view_name
        from sys.sql_expression_dependencies refs
        inner join sys.objects obj
        on refs.referencing_id = obj.object_id
        inner join sys.schemas sch
        on obj.schema_id = sch.schema_id
        where refs.referenced_database_name = 'analytics'
        and refs.referenced_schema_name = 'marts'
        and refs.referenced_entity_name = 'dim_users__dbt_tmp__dbt_tmp_vw'
        and obj.type = 'V'
        
    OPTION (LABEL = 'dbt-sqlserver');

      
[0m22:02:52.489113 [debug] [Thread-1 (]: Using sqlserver connection "model.data_pipeline.int_posts_enriched"
[0m22:02:52.489695 [debug] [Thread-3 (]: Opening a new connection, currently in state closed
[0m22:02:52.490203 [debug] [Thread-1 (]: On model.data_pipeline.int_posts_enriched: /* {"app": "dbt", "dbt_version": "1.11.11", "profile_name": "data_pipeline", "target_name": "dev", "node_id": "model.data_pipeline.int_posts_enriched"} */
USE [analytics];
    
    

    

    
    USE [analytics];
    EXEC('
        create view "intermediate"."int_posts_enriched__dbt_tmp" as with posts as (
    select * from "analytics"."staging"."stg_posts"
),
users as (
    select * from "analytics"."staging"."stg_users"
),
comment_counts as (
    select
        post_id,
        count(*) as comment_count
    from "analytics"."staging"."stg_comments"
    group by post_id
)
select
    p.post_id,
    p.user_id,
    p.title,
    p.body,
    u.name          as author_name,
    u.username      as author_username,
    u.email         as author_email,
    u.company_name,
    coalesce(c.comment_count, 0) as comment_count
from posts p
left join users u on p.user_id = u.user_id
left join comment_counts c on p.post_id = c.post_id;
    ')


[0m22:02:52.490672 [debug] [Thread-3 (]: sqlserver adapter: Using connection string: DRIVER={ODBC Driver 18 for SQL Server};SERVER=localhost,1433;Database=analytics;Pooling=true;SQL_ATTR_TRACE=SQL_OPT_TRACE_OFF;UID={sa};PWD=***;encrypt=Yes;TrustServerCertificate=Yes;APP=dbt-sqlserver/1.9.2;ConnectRetryCount=3;ConnectRetryInterval=10
[0m22:02:52.491205 [debug] [Thread-1 (]: Opening a new connection, currently in state closed
[0m22:02:52.491690 [debug] [Thread-3 (]: sqlserver adapter: Connected to db: analytics
[0m22:02:52.492117 [debug] [Thread-1 (]: sqlserver adapter: Using connection string: DRIVER={ODBC Driver 18 for SQL Server};SERVER=localhost,1433;Database=analytics;Pooling=true;SQL_ATTR_TRACE=SQL_OPT_TRACE_OFF;UID={sa};PWD=***;encrypt=Yes;TrustServerCertificate=Yes;APP=dbt-sqlserver/1.9.2;ConnectRetryCount=3;ConnectRetryInterval=10
[0m22:02:52.492646 [debug] [Thread-1 (]: sqlserver adapter: Connected to db: analytics
[0m22:02:52.505583 [debug] [Thread-3 (]: SQL status: OK in 0.000 seconds
[0m22:02:52.506070 [debug] [Thread-1 (]: SQL status: OK in 0.000 seconds
[0m22:02:52.509334 [debug] [Thread-1 (]: Using sqlserver connection "model.data_pipeline.int_posts_enriched"
[0m22:02:52.510009 [debug] [Thread-3 (]: Using sqlserver connection "model.data_pipeline.dim_users"
[0m22:02:52.510447 [debug] [Thread-1 (]: On model.data_pipeline.int_posts_enriched: /* {"app": "dbt", "dbt_version": "1.11.11", "profile_name": "data_pipeline", "target_name": "dev", "node_id": "model.data_pipeline.int_posts_enriched"} */
USE [analytics];
      EXEC sp_rename 'intermediate.int_posts_enriched__dbt_tmp', 'int_posts_enriched'
[0m22:02:52.510906 [debug] [Thread-3 (]: On model.data_pipeline.dim_users: /* {"app": "dbt", "dbt_version": "1.11.11", "profile_name": "data_pipeline", "target_name": "dev", "node_id": "model.data_pipeline.dim_users"} */

      
      
    
    USE [analytics];
    EXEC('DROP view IF EXISTS "marts"."dim_users__dbt_tmp__dbt_tmp_vw";');

[0m22:02:52.512231 [debug] [Thread-3 (]: SQL status: OK in 0.000 seconds
[0m22:02:52.517214 [debug] [Thread-3 (]: Writing runtime sql for node "model.data_pipeline.dim_users"
[0m22:02:52.518631 [debug] [Thread-3 (]: Using sqlserver connection "model.data_pipeline.dim_users"
[0m22:02:52.519124 [debug] [Thread-3 (]: On model.data_pipeline.dim_users: /* {"app": "dbt", "dbt_version": "1.11.11", "profile_name": "data_pipeline", "target_name": "dev", "node_id": "model.data_pipeline.dim_users"} */

  
    USE [analytics];
    USE [analytics];
    
    

    

    
    USE [analytics];
    EXEC('
        create view "marts"."dim_users__dbt_tmp__dbt_tmp_vw" as select
    user_id,
    name,
    username,
    email,
    phone,
    website,
    city,
    zipcode,
    company_name
from "analytics"."staging"."stg_users";
    ')

EXEC('
            SELECT * INTO "analytics"."marts"."dim_users__dbt_tmp" FROM "analytics"."marts"."dim_users__dbt_tmp__dbt_tmp_vw" 
    OPTION (LABEL = ''dbt-sqlserver'');

        ')

    
    EXEC('DROP VIEW IF EXISTS marts.dim_users__dbt_tmp__dbt_tmp_vw')



    
    use [analytics];
    if EXISTS (
        SELECT *
        FROM sys.indexes with (nolock)
        WHERE name = 'marts_dim_users__dbt_tmp_cci'
        AND object_id=object_id('marts_dim_users__dbt_tmp')
    )
    DROP index "marts"."dim_users__dbt_tmp".marts_dim_users__dbt_tmp_cci
    CREATE CLUSTERED COLUMNSTORE INDEX marts_dim_users__dbt_tmp_cci
    ON "marts"."dim_users__dbt_tmp"

   


  
[0m22:02:52.523872 [debug] [Thread-1 (]: SQL status: OK in 0.000 seconds
[0m22:02:52.525413 [debug] [Thread-1 (]: On model.data_pipeline.int_posts_enriched: COMMIT
[0m22:02:52.527494 [debug] [Thread-1 (]: Applying DROP to: "analytics"."intermediate"."int_posts_enriched__dbt_backup"
[0m22:02:52.528308 [debug] [Thread-1 (]: dbt-sqlserver
[0m22:02:52.528816 [debug] [Thread-1 (]: Using sqlserver connection "model.data_pipeline.int_posts_enriched"
[0m22:02:52.529329 [debug] [Thread-1 (]: On model.data_pipeline.int_posts_enriched: /* {"app": "dbt", "dbt_version": "1.11.11", "profile_name": "data_pipeline", "target_name": "dev", "node_id": "model.data_pipeline.int_posts_enriched"} */

        USE [analytics];
        select
            sch.name as schema_name,
            obj.name as view_name
        from sys.sql_expression_dependencies refs
        inner join sys.objects obj
        on refs.referencing_id = obj.object_id
        inner join sys.schemas sch
        on obj.schema_id = sch.schema_id
        where refs.referenced_database_name = 'analytics'
        and refs.referenced_schema_name = 'intermediate'
        and refs.referenced_entity_name = 'int_posts_enriched__dbt_backup'
        and obj.type = 'V'
        
    OPTION (LABEL = 'dbt-sqlserver');

      
[0m22:02:52.539309 [debug] [Thread-1 (]: SQL status: OK in 0.000 seconds
[0m22:02:52.540835 [debug] [Thread-1 (]: Using sqlserver connection "model.data_pipeline.int_posts_enriched"
[0m22:02:52.541260 [debug] [Thread-1 (]: On model.data_pipeline.int_posts_enriched: /* {"app": "dbt", "dbt_version": "1.11.11", "profile_name": "data_pipeline", "target_name": "dev", "node_id": "model.data_pipeline.int_posts_enriched"} */

      
      
    
    USE [analytics];
    EXEC('DROP view IF EXISTS "intermediate"."int_posts_enriched__dbt_backup";');

[0m22:02:52.542497 [debug] [Thread-1 (]: SQL status: OK in 0.000 seconds
[0m22:02:52.543735 [debug] [Thread-1 (]: On model.data_pipeline.int_posts_enriched: ROLLBACK
[0m22:02:52.544099 [debug] [Thread-1 (]: On model.data_pipeline.int_posts_enriched: Close
[0m22:02:52.544610 [debug] [Thread-1 (]: Sending event: {'category': 'dbt', 'action': 'run_model', 'label': 'eea4cc2f-2fea-4a85-90ef-ff5900eab23d', 'context': [<snowplow_tracker.self_describing_json.SelfDescribingJson object at 0x7f3ef95b15b0>]}
[0m22:02:52.545243 [info ] [Thread-1 (]: 6 of 9 OK created sql view model intermediate.int_posts_enriched ............... [[32mOK[0m in 0.10s]
[0m22:02:52.545771 [debug] [Thread-1 (]: Finished running node model.data_pipeline.int_posts_enriched
[0m22:02:52.546441 [debug] [Thread-4 (]: Began running node model.data_pipeline.fct_posts
[0m22:02:52.546821 [debug] [Thread-2 (]: Began running node model.data_pipeline.int_user_activity
[0m22:02:52.547339 [info ] [Thread-4 (]: 7 of 9 START sql table model marts.fct_posts ................................... [RUN]
[0m22:02:52.547860 [info ] [Thread-2 (]: 8 of 9 START sql view model intermediate.int_user_activity ..................... [RUN]
[0m22:02:52.548406 [debug] [Thread-4 (]: Re-using an available connection from the pool (formerly model.data_pipeline.stg_users, now model.data_pipeline.fct_posts)
[0m22:02:52.548826 [debug] [Thread-2 (]: Re-using an available connection from the pool (formerly model.data_pipeline.stg_posts, now model.data_pipeline.int_user_activity)
[0m22:02:52.549254 [debug] [Thread-4 (]: Began compiling node model.data_pipeline.fct_posts
[0m22:02:52.549718 [debug] [Thread-2 (]: Began compiling node model.data_pipeline.int_user_activity
[0m22:02:52.552660 [debug] [Thread-4 (]: Writing injected SQL for node "model.data_pipeline.fct_posts"
[0m22:02:52.555651 [debug] [Thread-2 (]: Writing injected SQL for node "model.data_pipeline.int_user_activity"
[0m22:02:52.556538 [debug] [Thread-4 (]: Began executing node model.data_pipeline.fct_posts
[0m22:02:52.556962 [debug] [Thread-2 (]: Began executing node model.data_pipeline.int_user_activity
[0m22:02:52.560515 [debug] [Thread-4 (]: dbt-sqlserver
[0m22:02:52.564867 [debug] [Thread-2 (]: Writing runtime sql for node "model.data_pipeline.int_user_activity"
[0m22:02:52.570098 [debug] [Thread-4 (]: Applying DROP to: "analytics"."marts"."fct_posts__dbt_tmp__dbt_tmp_vw"
[0m22:02:52.571231 [debug] [Thread-4 (]: dbt-sqlserver
[0m22:02:52.571889 [debug] [Thread-2 (]: Using sqlserver connection "model.data_pipeline.int_user_activity"
[0m22:02:52.572459 [debug] [Thread-4 (]: Using sqlserver connection "model.data_pipeline.fct_posts"
[0m22:02:52.573104 [debug] [Thread-2 (]: On model.data_pipeline.int_user_activity: /* {"app": "dbt", "dbt_version": "1.11.11", "profile_name": "data_pipeline", "target_name": "dev", "node_id": "model.data_pipeline.int_user_activity"} */
USE [analytics];
    
    

    

    
    USE [analytics];
    EXEC('
        create view "intermediate"."int_user_activity__dbt_tmp" as with todos_summary as (
    select
        user_id,
        count(*)                                                as todo_count,
        sum(case when is_completed = 1 then 1 else 0 end)      as completed_todos
    from "analytics"."staging"."stg_todos"
    group by user_id
),
posts_summary as (
    select
        user_id,
        count(*)                                    as post_count,
        sum(comment_count)                          as total_comments_received,
        avg(cast(comment_count as float))           as avg_comments_per_post
    from "analytics"."intermediate"."int_posts_enriched"
    group by user_id
)
select
    u.user_id,
    coalesce(p.post_count, 0)                       as post_count,
    coalesce(p.total_comments_received, 0)          as total_comments_received,
    coalesce(p.avg_comments_per_post, 0.0)          as avg_comments_per_post,
    coalesce(t.todo_count, 0)                       as todo_count,
    coalesce(t.completed_todos, 0)                  as completed_todos,
    case
        when coalesce(t.todo_count, 0) = 0 then 0.0
        else cast(t.completed_todos as float) / t.todo_count
    end                                             as completion_rate
from "analytics"."staging"."stg_users" u
left join posts_summary p on u.user_id = p.user_id
left join todos_summary t on u.user_id = t.user_id;
    ')


[0m22:02:52.573570 [debug] [Thread-4 (]: On model.data_pipeline.fct_posts: /* {"app": "dbt", "dbt_version": "1.11.11", "profile_name": "data_pipeline", "target_name": "dev", "node_id": "model.data_pipeline.fct_posts"} */

        USE [analytics];
        select
            sch.name as schema_name,
            obj.name as view_name
        from sys.sql_expression_dependencies refs
        inner join sys.objects obj
        on refs.referencing_id = obj.object_id
        inner join sys.schemas sch
        on obj.schema_id = sch.schema_id
        where refs.referenced_database_name = 'analytics'
        and refs.referenced_schema_name = 'marts'
        and refs.referenced_entity_name = 'fct_posts__dbt_tmp__dbt_tmp_vw'
        and obj.type = 'V'
        
    OPTION (LABEL = 'dbt-sqlserver');

      
[0m22:02:52.574004 [debug] [Thread-2 (]: Opening a new connection, currently in state closed
[0m22:02:52.574406 [debug] [Thread-4 (]: Opening a new connection, currently in state closed
[0m22:02:52.574906 [debug] [Thread-2 (]: sqlserver adapter: Using connection string: DRIVER={ODBC Driver 18 for SQL Server};SERVER=localhost,1433;Database=analytics;Pooling=true;SQL_ATTR_TRACE=SQL_OPT_TRACE_OFF;UID={sa};PWD=***;encrypt=Yes;TrustServerCertificate=Yes;APP=dbt-sqlserver/1.9.2;ConnectRetryCount=3;ConnectRetryInterval=10
[0m22:02:52.575383 [debug] [Thread-4 (]: sqlserver adapter: Using connection string: DRIVER={ODBC Driver 18 for SQL Server};SERVER=localhost,1433;Database=analytics;Pooling=true;SQL_ATTR_TRACE=SQL_OPT_TRACE_OFF;UID={sa};PWD=***;encrypt=Yes;TrustServerCertificate=Yes;APP=dbt-sqlserver/1.9.2;ConnectRetryCount=3;ConnectRetryInterval=10
[0m22:02:52.575895 [debug] [Thread-2 (]: sqlserver adapter: Connected to db: analytics
[0m22:02:52.576424 [debug] [Thread-4 (]: sqlserver adapter: Connected to db: analytics
[0m22:02:52.586844 [debug] [Thread-4 (]: SQL status: OK in 0.000 seconds
[0m22:02:52.587445 [debug] [Thread-2 (]: SQL status: OK in 0.000 seconds
[0m22:02:52.589931 [debug] [Thread-4 (]: Using sqlserver connection "model.data_pipeline.fct_posts"
[0m22:02:52.590615 [debug] [Thread-4 (]: On model.data_pipeline.fct_posts: /* {"app": "dbt", "dbt_version": "1.11.11", "profile_name": "data_pipeline", "target_name": "dev", "node_id": "model.data_pipeline.fct_posts"} */

      
      
    
    USE [analytics];
    EXEC('DROP view IF EXISTS "marts"."fct_posts__dbt_tmp__dbt_tmp_vw";');

[0m22:02:52.593646 [debug] [Thread-2 (]: Using sqlserver connection "model.data_pipeline.int_user_activity"
[0m22:02:52.594453 [debug] [Thread-2 (]: On model.data_pipeline.int_user_activity: /* {"app": "dbt", "dbt_version": "1.11.11", "profile_name": "data_pipeline", "target_name": "dev", "node_id": "model.data_pipeline.int_user_activity"} */
USE [analytics];
      EXEC sp_rename 'intermediate.int_user_activity__dbt_tmp', 'int_user_activity'
[0m22:02:52.595257 [debug] [Thread-4 (]: SQL status: OK in 0.000 seconds
[0m22:02:52.597177 [debug] [Thread-4 (]: Writing runtime sql for node "model.data_pipeline.fct_posts"
[0m22:02:52.597884 [debug] [Thread-4 (]: Using sqlserver connection "model.data_pipeline.fct_posts"
[0m22:02:52.598301 [debug] [Thread-4 (]: On model.data_pipeline.fct_posts: /* {"app": "dbt", "dbt_version": "1.11.11", "profile_name": "data_pipeline", "target_name": "dev", "node_id": "model.data_pipeline.fct_posts"} */

  
    USE [analytics];
    USE [analytics];
    
    

    

    
    USE [analytics];
    EXEC('
        create view "marts"."fct_posts__dbt_tmp__dbt_tmp_vw" as select
    post_id,
    user_id,
    title,
    body,
    author_name,
    author_username,
    company_name,
    comment_count,
    case when comment_count > 0 then 1 else 0 end  as is_commented
from "analytics"."intermediate"."int_posts_enriched";
    ')

EXEC('
            SELECT * INTO "analytics"."marts"."fct_posts__dbt_tmp" FROM "analytics"."marts"."fct_posts__dbt_tmp__dbt_tmp_vw" 
    OPTION (LABEL = ''dbt-sqlserver'');

        ')

    
    EXEC('DROP VIEW IF EXISTS marts.fct_posts__dbt_tmp__dbt_tmp_vw')



    
    use [analytics];
    if EXISTS (
        SELECT *
        FROM sys.indexes with (nolock)
        WHERE name = 'marts_fct_posts__dbt_tmp_cci'
        AND object_id=object_id('marts_fct_posts__dbt_tmp')
    )
    DROP index "marts"."fct_posts__dbt_tmp".marts_fct_posts__dbt_tmp_cci
    CREATE CLUSTERED COLUMNSTORE INDEX marts_fct_posts__dbt_tmp_cci
    ON "marts"."fct_posts__dbt_tmp"

   


  
[0m22:02:52.608476 [debug] [Thread-2 (]: SQL status: OK in 0.000 seconds
[0m22:02:52.609960 [debug] [Thread-2 (]: On model.data_pipeline.int_user_activity: COMMIT
[0m22:02:52.612170 [debug] [Thread-2 (]: Applying DROP to: "analytics"."intermediate"."int_user_activity__dbt_backup"
[0m22:02:52.613038 [debug] [Thread-2 (]: dbt-sqlserver
[0m22:02:52.613858 [debug] [Thread-2 (]: Using sqlserver connection "model.data_pipeline.int_user_activity"
[0m22:02:52.614698 [debug] [Thread-2 (]: On model.data_pipeline.int_user_activity: /* {"app": "dbt", "dbt_version": "1.11.11", "profile_name": "data_pipeline", "target_name": "dev", "node_id": "model.data_pipeline.int_user_activity"} */

        USE [analytics];
        select
            sch.name as schema_name,
            obj.name as view_name
        from sys.sql_expression_dependencies refs
        inner join sys.objects obj
        on refs.referencing_id = obj.object_id
        inner join sys.schemas sch
        on obj.schema_id = sch.schema_id
        where refs.referenced_database_name = 'analytics'
        and refs.referenced_schema_name = 'intermediate'
        and refs.referenced_entity_name = 'int_user_activity__dbt_backup'
        and obj.type = 'V'
        
    OPTION (LABEL = 'dbt-sqlserver');

      
[0m22:02:52.627639 [debug] [Thread-2 (]: SQL status: OK in 0.000 seconds
[0m22:02:52.629518 [debug] [Thread-2 (]: Using sqlserver connection "model.data_pipeline.int_user_activity"
[0m22:02:52.629981 [debug] [Thread-2 (]: On model.data_pipeline.int_user_activity: /* {"app": "dbt", "dbt_version": "1.11.11", "profile_name": "data_pipeline", "target_name": "dev", "node_id": "model.data_pipeline.int_user_activity"} */

      
      
    
    USE [analytics];
    EXEC('DROP view IF EXISTS "intermediate"."int_user_activity__dbt_backup";');

[0m22:02:52.631426 [debug] [Thread-2 (]: SQL status: OK in 0.000 seconds
[0m22:02:52.632824 [debug] [Thread-2 (]: On model.data_pipeline.int_user_activity: ROLLBACK
[0m22:02:52.633224 [debug] [Thread-2 (]: On model.data_pipeline.int_user_activity: Close
[0m22:02:52.633825 [debug] [Thread-2 (]: Sending event: {'category': 'dbt', 'action': 'run_model', 'label': 'eea4cc2f-2fea-4a85-90ef-ff5900eab23d', 'context': [<snowplow_tracker.self_describing_json.SelfDescribingJson object at 0x7f3ef3bc6db0>]}
[0m22:02:52.634446 [info ] [Thread-2 (]: 8 of 9 OK created sql view model intermediate.int_user_activity ................ [[32mOK[0m in 0.08s]
[0m22:02:52.635098 [debug] [Thread-2 (]: Finished running node model.data_pipeline.int_user_activity
[0m22:02:52.635762 [debug] [Thread-1 (]: Began running node model.data_pipeline.fct_user_engagement
[0m22:02:52.636270 [info ] [Thread-1 (]: 9 of 9 START sql table model marts.fct_user_engagement ......................... [RUN]
[0m22:02:52.636719 [debug] [Thread-1 (]: Re-using an available connection from the pool (formerly model.data_pipeline.int_posts_enriched, now model.data_pipeline.fct_user_engagement)
[0m22:02:52.637132 [debug] [Thread-1 (]: Began compiling node model.data_pipeline.fct_user_engagement
[0m22:02:52.639912 [debug] [Thread-1 (]: Writing injected SQL for node "model.data_pipeline.fct_user_engagement"
[0m22:02:52.640495 [debug] [Thread-1 (]: Began executing node model.data_pipeline.fct_user_engagement
[0m22:02:52.643163 [debug] [Thread-1 (]: dbt-sqlserver
[0m22:02:52.645794 [debug] [Thread-1 (]: Applying DROP to: "analytics"."marts"."fct_user_engagement__dbt_tmp__dbt_tmp_vw"
[0m22:02:52.646475 [debug] [Thread-1 (]: dbt-sqlserver
[0m22:02:52.646896 [debug] [Thread-1 (]: Using sqlserver connection "model.data_pipeline.fct_user_engagement"
[0m22:02:52.647295 [debug] [Thread-1 (]: On model.data_pipeline.fct_user_engagement: /* {"app": "dbt", "dbt_version": "1.11.11", "profile_name": "data_pipeline", "target_name": "dev", "node_id": "model.data_pipeline.fct_user_engagement"} */

        USE [analytics];
        select
            sch.name as schema_name,
            obj.name as view_name
        from sys.sql_expression_dependencies refs
        inner join sys.objects obj
        on refs.referencing_id = obj.object_id
        inner join sys.schemas sch
        on obj.schema_id = sch.schema_id
        where refs.referenced_database_name = 'analytics'
        and refs.referenced_schema_name = 'marts'
        and refs.referenced_entity_name = 'fct_user_engagement__dbt_tmp__dbt_tmp_vw'
        and obj.type = 'V'
        
    OPTION (LABEL = 'dbt-sqlserver');

      
[0m22:02:52.647869 [debug] [Thread-1 (]: Opening a new connection, currently in state closed
[0m22:02:52.648620 [debug] [Thread-1 (]: sqlserver adapter: Using connection string: DRIVER={ODBC Driver 18 for SQL Server};SERVER=localhost,1433;Database=analytics;Pooling=true;SQL_ATTR_TRACE=SQL_OPT_TRACE_OFF;UID={sa};PWD=***;encrypt=Yes;TrustServerCertificate=Yes;APP=dbt-sqlserver/1.9.2;ConnectRetryCount=3;ConnectRetryInterval=10
[0m22:02:52.649281 [debug] [Thread-1 (]: sqlserver adapter: Connected to db: analytics
[0m22:02:52.661213 [debug] [Thread-1 (]: SQL status: OK in 0.000 seconds
[0m22:02:52.663379 [debug] [Thread-1 (]: Using sqlserver connection "model.data_pipeline.fct_user_engagement"
[0m22:02:52.663969 [debug] [Thread-1 (]: On model.data_pipeline.fct_user_engagement: /* {"app": "dbt", "dbt_version": "1.11.11", "profile_name": "data_pipeline", "target_name": "dev", "node_id": "model.data_pipeline.fct_user_engagement"} */

      
      
    
    USE [analytics];
    EXEC('DROP view IF EXISTS "marts"."fct_user_engagement__dbt_tmp__dbt_tmp_vw";');

[0m22:02:52.667086 [debug] [Thread-1 (]: SQL status: OK in 0.000 seconds
[0m22:02:52.669113 [debug] [Thread-1 (]: Writing runtime sql for node "model.data_pipeline.fct_user_engagement"
[0m22:02:52.670160 [debug] [Thread-1 (]: Using sqlserver connection "model.data_pipeline.fct_user_engagement"
[0m22:02:52.670659 [debug] [Thread-1 (]: On model.data_pipeline.fct_user_engagement: /* {"app": "dbt", "dbt_version": "1.11.11", "profile_name": "data_pipeline", "target_name": "dev", "node_id": "model.data_pipeline.fct_user_engagement"} */

  
    USE [analytics];
    USE [analytics];
    
    

    

    
    USE [analytics];
    EXEC('
        create view "marts"."fct_user_engagement__dbt_tmp__dbt_tmp_vw" as select
    a.user_id,
    u.name,
    u.username,
    u.company_name,
    u.city,
    a.post_count,
    a.total_comments_received,
    a.avg_comments_per_post,
    a.todo_count,
    a.completed_todos,
    a.completion_rate
from "analytics"."intermediate"."int_user_activity" a
inner join "analytics"."staging"."stg_users" u on a.user_id = u.user_id;
    ')

EXEC('
            SELECT * INTO "analytics"."marts"."fct_user_engagement__dbt_tmp" FROM "analytics"."marts"."fct_user_engagement__dbt_tmp__dbt_tmp_vw" 
    OPTION (LABEL = ''dbt-sqlserver'');

        ')

    
    EXEC('DROP VIEW IF EXISTS marts.fct_user_engagement__dbt_tmp__dbt_tmp_vw')



    
    use [analytics];
    if EXISTS (
        SELECT *
        FROM sys.indexes with (nolock)
        WHERE name = 'marts_fct_user_engagement__dbt_tmp_cci'
        AND object_id=object_id('marts_fct_user_engagement__dbt_tmp')
    )
    DROP index "marts"."fct_user_engagement__dbt_tmp".marts_fct_user_engagement__dbt_tmp_cci
    CREATE CLUSTERED COLUMNSTORE INDEX marts_fct_user_engagement__dbt_tmp_cci
    ON "marts"."fct_user_engagement__dbt_tmp"

   


  
[0m22:02:52.675567 [debug] [Thread-3 (]: SQL status: OK in 0.000 seconds
[0m22:02:52.678895 [debug] [Thread-3 (]: Using sqlserver connection "model.data_pipeline.dim_users"
[0m22:02:52.679347 [debug] [Thread-3 (]: On model.data_pipeline.dim_users: /* {"app": "dbt", "dbt_version": "1.11.11", "profile_name": "data_pipeline", "target_name": "dev", "node_id": "model.data_pipeline.dim_users"} */
USE [analytics];
      EXEC sp_rename 'marts.dim_users__dbt_tmp', 'dim_users'
[0m22:02:52.708303 [debug] [Thread-3 (]: SQL status: OK in 0.000 seconds
[0m22:02:52.713058 [debug] [Thread-3 (]: On model.data_pipeline.dim_users: COMMIT
[0m22:02:52.715260 [debug] [Thread-3 (]: Applying DROP to: "analytics"."marts"."dim_users__dbt_backup"
[0m22:02:52.715948 [debug] [Thread-3 (]: Using sqlserver connection "model.data_pipeline.dim_users"
[0m22:02:52.716301 [debug] [Thread-3 (]: On model.data_pipeline.dim_users: /* {"app": "dbt", "dbt_version": "1.11.11", "profile_name": "data_pipeline", "target_name": "dev", "node_id": "model.data_pipeline.dim_users"} */

      
    USE [analytics];
    EXEC('DROP table IF EXISTS "marts"."dim_users__dbt_backup";');

[0m22:02:52.717893 [debug] [Thread-3 (]: SQL status: OK in 0.000 seconds
[0m22:02:52.719297 [debug] [Thread-3 (]: On model.data_pipeline.dim_users: Close
[0m22:02:52.719921 [debug] [Thread-3 (]: Sending event: {'category': 'dbt', 'action': 'run_model', 'label': 'eea4cc2f-2fea-4a85-90ef-ff5900eab23d', 'context': [<snowplow_tracker.self_describing_json.SelfDescribingJson object at 0x7f3efb07d9d0>]}
[0m22:02:52.720492 [info ] [Thread-3 (]: 5 of 9 OK created sql table model marts.dim_users .............................. [[32mOK[0m in 0.27s]
[0m22:02:52.721134 [debug] [Thread-3 (]: Finished running node model.data_pipeline.dim_users
[0m22:02:52.738850 [debug] [Thread-4 (]: SQL status: OK in 0.000 seconds
[0m22:02:52.741678 [debug] [Thread-4 (]: Using sqlserver connection "model.data_pipeline.fct_posts"
[0m22:02:52.742098 [debug] [Thread-4 (]: On model.data_pipeline.fct_posts: /* {"app": "dbt", "dbt_version": "1.11.11", "profile_name": "data_pipeline", "target_name": "dev", "node_id": "model.data_pipeline.fct_posts"} */
USE [analytics];
      EXEC sp_rename 'marts.fct_posts__dbt_tmp', 'fct_posts'
[0m22:02:52.750067 [debug] [Thread-4 (]: SQL status: OK in 0.000 seconds
[0m22:02:52.751526 [debug] [Thread-4 (]: On model.data_pipeline.fct_posts: COMMIT
[0m22:02:52.755568 [debug] [Thread-4 (]: Applying DROP to: "analytics"."marts"."fct_posts__dbt_backup"
[0m22:02:52.756655 [debug] [Thread-4 (]: Using sqlserver connection "model.data_pipeline.fct_posts"
[0m22:02:52.757138 [debug] [Thread-4 (]: On model.data_pipeline.fct_posts: /* {"app": "dbt", "dbt_version": "1.11.11", "profile_name": "data_pipeline", "target_name": "dev", "node_id": "model.data_pipeline.fct_posts"} */

      
    USE [analytics];
    EXEC('DROP table IF EXISTS "marts"."fct_posts__dbt_backup";');

[0m22:02:52.758474 [debug] [Thread-4 (]: SQL status: OK in 0.000 seconds
[0m22:02:52.759920 [debug] [Thread-4 (]: On model.data_pipeline.fct_posts: Close
[0m22:02:52.760507 [debug] [Thread-4 (]: Sending event: {'category': 'dbt', 'action': 'run_model', 'label': 'eea4cc2f-2fea-4a85-90ef-ff5900eab23d', 'context': [<snowplow_tracker.self_describing_json.SelfDescribingJson object at 0x7f3ef3a4d3a0>]}
[0m22:02:52.761131 [info ] [Thread-4 (]: 7 of 9 OK created sql table model marts.fct_posts .............................. [[32mOK[0m in 0.21s]
[0m22:02:52.761643 [debug] [Thread-4 (]: Finished running node model.data_pipeline.fct_posts
[0m22:02:52.766751 [debug] [Thread-1 (]: SQL status: OK in 0.000 seconds
[0m22:02:52.769498 [debug] [Thread-1 (]: Using sqlserver connection "model.data_pipeline.fct_user_engagement"
[0m22:02:52.769874 [debug] [Thread-1 (]: On model.data_pipeline.fct_user_engagement: /* {"app": "dbt", "dbt_version": "1.11.11", "profile_name": "data_pipeline", "target_name": "dev", "node_id": "model.data_pipeline.fct_user_engagement"} */
USE [analytics];
      EXEC sp_rename 'marts.fct_user_engagement__dbt_tmp', 'fct_user_engagement'
[0m22:02:52.777214 [debug] [Thread-1 (]: SQL status: OK in 0.000 seconds
[0m22:02:52.778572 [debug] [Thread-1 (]: On model.data_pipeline.fct_user_engagement: COMMIT
[0m22:02:52.780602 [debug] [Thread-1 (]: Applying DROP to: "analytics"."marts"."fct_user_engagement__dbt_backup"
[0m22:02:52.781291 [debug] [Thread-1 (]: Using sqlserver connection "model.data_pipeline.fct_user_engagement"
[0m22:02:52.781659 [debug] [Thread-1 (]: On model.data_pipeline.fct_user_engagement: /* {"app": "dbt", "dbt_version": "1.11.11", "profile_name": "data_pipeline", "target_name": "dev", "node_id": "model.data_pipeline.fct_user_engagement"} */

      
    USE [analytics];
    EXEC('DROP table IF EXISTS "marts"."fct_user_engagement__dbt_backup";');

[0m22:02:52.783005 [debug] [Thread-1 (]: SQL status: OK in 0.000 seconds
[0m22:02:52.784208 [debug] [Thread-1 (]: On model.data_pipeline.fct_user_engagement: Close
[0m22:02:52.784698 [debug] [Thread-1 (]: Sending event: {'category': 'dbt', 'action': 'run_model', 'label': 'eea4cc2f-2fea-4a85-90ef-ff5900eab23d', 'context': [<snowplow_tracker.self_describing_json.SelfDescribingJson object at 0x7f3ef95acfe0>]}
[0m22:02:52.785294 [info ] [Thread-1 (]: 9 of 9 OK created sql table model marts.fct_user_engagement .................... [[32mOK[0m in 0.15s]
[0m22:02:52.785828 [debug] [Thread-1 (]: Finished running node model.data_pipeline.fct_user_engagement
[0m22:02:52.787503 [debug] [MainThread]: On master: COMMIT
[0m22:02:52.787915 [debug] [MainThread]: Connection 'master' was properly closed.
[0m22:02:52.788237 [debug] [MainThread]: Connection 'model.data_pipeline.fct_user_engagement' was properly closed.
[0m22:02:52.788553 [debug] [MainThread]: Connection 'model.data_pipeline.int_user_activity' was properly closed.
[0m22:02:52.788831 [debug] [MainThread]: Connection 'model.data_pipeline.dim_users' was properly closed.
[0m22:02:52.789111 [debug] [MainThread]: Connection 'model.data_pipeline.fct_posts' was properly closed.
[0m22:02:52.789481 [info ] [MainThread]: 
[0m22:02:52.789830 [info ] [MainThread]: Finished running 3 table models, 6 view models in 0 hours 0 minutes and 0.91 seconds (0.91s).
[0m22:02:52.791228 [debug] [MainThread]: Command end result
[0m22:02:52.816959 [debug] [MainThread]: Wrote artifact WritableManifest to dbt/target/manifest.json
[0m22:02:52.819102 [debug] [MainThread]: Wrote artifact SemanticManifest to dbt/target/semantic_manifest.json
[0m22:02:52.824791 [debug] [MainThread]: Wrote artifact RunExecutionResult to dbt/target/run_results.json
[0m22:02:52.825196 [info ] [MainThread]: 
[0m22:02:52.825604 [info ] [MainThread]: [32mCompleted successfully[0m
[0m22:02:52.825933 [info ] [MainThread]: 
[0m22:02:52.826271 [info ] [MainThread]: Done. PASS=9 WARN=0 ERROR=0 SKIP=0 NO-OP=0 TOTAL=9
[0m22:02:52.827093 [debug] [MainThread]: Resource report: {"command_name": "run", "command_success": true, "command_wall_clock_time": 2.786602, "process_in_blocks": "80", "process_kernel_time": 0.367137, "process_mem_max_rss": "137220", "process_out_blocks": "4744", "process_user_time": 3.542377}
[0m22:02:52.827534 [debug] [MainThread]: Command `dbt run` succeeded at 22:02:52.827448 after 2.79 seconds
[0m22:02:52.827896 [debug] [MainThread]: Sending event: {'category': 'dbt', 'action': 'invocation', 'label': 'end', 'context': [<snowplow_tracker.self_describing_json.SelfDescribingJson object at 0x7f3efac1b470>, <snowplow_tracker.self_describing_json.SelfDescribingJson object at 0x7f3ef3a3aab0>, <snowplow_tracker.self_describing_json.SelfDescribingJson object at 0x7f3ef3a3b020>]}
[0m22:02:52.828256 [debug] [MainThread]: Flushing usage events
[0m22:02:53.360036 [debug] [MainThread]: An error was encountered while trying to flush usage events
[0m23:24:46.163750 [debug] [MainThread]: Sending event: {'category': 'dbt', 'action': 'invocation', 'label': 'start', 'context': [<snowplow_tracker.self_describing_json.SelfDescribingJson object at 0x7fca0f69f6e0>, <snowplow_tracker.self_describing_json.SelfDescribingJson object at 0x7fca0e911e20>, <snowplow_tracker.self_describing_json.SelfDescribingJson object at 0x7fca0eb5ad80>]}


============================== 23:24:46.167868 | e7eb97f0-f5f0-46c8-a41d-ef73df88ce5c ==============================
[0m23:24:46.167868 [info ] [MainThread]: Running with dbt=1.11.11
[0m23:24:46.168500 [debug] [MainThread]: running dbt with arguments {'target_path': 'None', 'static_parser': 'True', 'log_path': '/home/tobbe/repos/data-pipeline/dbt/logs', 'send_anonymous_usage_stats': 'True', 'invocation_command': 'dbt run --profiles-dir /home/tobbe/repos/data-pipeline --select stg_products fct_products', 'indirect_selection': 'eager', 'profiles_dir': '/home/tobbe/repos/data-pipeline', 'cache_selected_only': 'False', 'version_check': 'True', 'log_cache_events': 'False', 'write_json': 'True', 'warn_error_options': 'WarnErrorOptionsV2(error=[], warn=[], silence=[])', 'introspect': 'True', 'log_format': 'default', 'quiet': 'False', 'debug': 'False', 'use_colors': 'True', 'fail_fast': 'False', 'printer_width': '80', 'partial_parse': 'True', 'empty': 'False', 'no_print': 'None', 'use_experimental_parser': 'False', 'warn_error': 'None'}
[0m23:24:46.174403 [error] [MainThread]: Encountered an error:
Parsing Error
  Env var required but not provided: 'MSSQL_HOST'
[0m23:24:46.175895 [debug] [MainThread]: Resource report: {"command_name": "run", "command_success": false, "command_wall_clock_time": 0.088358894, "process_in_blocks": "0", "process_kernel_time": 0.199162, "process_mem_max_rss": "105780", "process_out_blocks": "16", "process_user_time": 1.344347}
[0m23:24:46.176624 [debug] [MainThread]: Command `dbt run` failed at 23:24:46.176486 after 0.09 seconds
[0m23:24:46.177272 [debug] [MainThread]: Sending event: {'category': 'dbt', 'action': 'invocation', 'label': 'end', 'context': [<snowplow_tracker.self_describing_json.SelfDescribingJson object at 0x7fca0eb5ad80>, <snowplow_tracker.self_describing_json.SelfDescribingJson object at 0x7fca0e5b95b0>, <snowplow_tracker.self_describing_json.SelfDescribingJson object at 0x7fca0e54cc50>]}
[0m23:24:46.177759 [debug] [MainThread]: Flushing usage events
[0m23:24:46.609993 [debug] [MainThread]: An error was encountered while trying to flush usage events
[0m23:24:51.812292 [debug] [MainThread]: Sending event: {'category': 'dbt', 'action': 'invocation', 'label': 'start', 'context': [<snowplow_tracker.self_describing_json.SelfDescribingJson object at 0x7f4102ad3500>, <snowplow_tracker.self_describing_json.SelfDescribingJson object at 0x7f41020430b0>, <snowplow_tracker.self_describing_json.SelfDescribingJson object at 0x7f41021a74d0>]}


============================== 23:24:51.814912 | 8352a596-7de6-467f-b5be-bc4f116c3ab0 ==============================
[0m23:24:51.814912 [info ] [MainThread]: Running with dbt=1.11.11
[0m23:24:51.815460 [debug] [MainThread]: running dbt with arguments {'quiet': 'False', 'send_anonymous_usage_stats': 'True', 'version_check': 'True', 'log_format': 'default', 'empty': 'False', 'introspect': 'True', 'no_print': 'None', 'indirect_selection': 'eager', 'static_parser': 'True', 'fail_fast': 'False', 'use_experimental_parser': 'False', 'cache_selected_only': 'False', 'use_colors': 'True', 'log_path': 'dbt/logs', 'write_json': 'True', 'log_cache_events': 'False', 'partial_parse': 'True', 'warn_error': 'None', 'profiles_dir': '.', 'invocation_command': 'dbt run --profiles-dir . --project-dir dbt --select stg_products fct_products', 'target_path': 'None', 'printer_width': '80', 'debug': 'False', 'warn_error_options': 'WarnErrorOptionsV2(error=[], warn=[], silence=[])'}
[0m23:24:52.050555 [debug] [MainThread]: Sending event: {'category': 'dbt', 'action': 'project_id', 'label': '8352a596-7de6-467f-b5be-bc4f116c3ab0', 'context': [<snowplow_tracker.self_describing_json.SelfDescribingJson object at 0x7f4101ad5b80>]}
[0m23:24:52.135472 [debug] [MainThread]: Sending event: {'category': 'dbt', 'action': 'adapter_info', 'label': '8352a596-7de6-467f-b5be-bc4f116c3ab0', 'context': [<snowplow_tracker.self_describing_json.SelfDescribingJson object at 0x7f41014c8c50>]}
[0m23:24:52.136326 [info ] [MainThread]: Registered adapter: sqlserver=1.9.2
[0m23:24:52.223112 [debug] [MainThread]: checksum: 30a8cc8fdcbf66701b0944d4ccce3fa46dd04b61e5df68b9f16d57b2e0e3f0be, vars: {}, profile: , target: , version: 1.11.11
[0m23:24:52.328423 [debug] [MainThread]: Partial parsing enabled: 0 files deleted, 2 files added, 1 files changed.
[0m23:24:52.329014 [debug] [MainThread]: Partial parsing: added file: data_pipeline://models/staging/stg_products.sql
[0m23:24:52.329335 [debug] [MainThread]: Partial parsing: added file: data_pipeline://models/marts/fct_products.sql
[0m23:24:52.330129 [debug] [MainThread]: Partial parsing: updated file: data_pipeline://models/staging/_sources.yml
[0m23:24:52.870346 [debug] [MainThread]: Sending event: {'category': 'dbt', 'action': 'load_project', 'label': '8352a596-7de6-467f-b5be-bc4f116c3ab0', 'context': [<snowplow_tracker.self_describing_json.SelfDescribingJson object at 0x7f4100bfa150>]}
[0m23:24:52.942526 [debug] [MainThread]: Wrote artifact WritableManifest to dbt/target/manifest.json
[0m23:24:52.944670 [debug] [MainThread]: Wrote artifact SemanticManifest to dbt/target/semantic_manifest.json
[0m23:24:52.953439 [debug] [MainThread]: Sending event: {'category': 'dbt', 'action': 'resource_counts', 'label': '8352a596-7de6-467f-b5be-bc4f116c3ab0', 'context': [<snowplow_tracker.self_describing_json.SelfDescribingJson object at 0x7f41017f9970>]}
[0m23:24:52.953958 [info ] [MainThread]: Found 11 models, 5 sources, 518 macros
[0m23:24:52.954325 [debug] [MainThread]: Sending event: {'category': 'dbt', 'action': 'runnable_timing', 'label': '8352a596-7de6-467f-b5be-bc4f116c3ab0', 'context': [<snowplow_tracker.self_describing_json.SelfDescribingJson object at 0x7f4100c5fa70>]}
[0m23:24:52.955851 [info ] [MainThread]: 
[0m23:24:52.956239 [info ] [MainThread]: Concurrency: 4 threads (target='dev')
[0m23:24:52.956626 [info ] [MainThread]: 
[0m23:24:52.957172 [debug] [MainThread]: Acquiring new sqlserver connection 'master'
[0m23:24:52.962005 [debug] [ThreadPool]: Acquiring new sqlserver connection 'list_analytics'
[0m23:24:52.962747 [debug] [ThreadPool]: Acquiring new sqlserver connection 'list_analytics'
[0m23:24:52.976261 [debug] [ThreadPool]: dbt-sqlserver
[0m23:24:52.978322 [debug] [ThreadPool]: dbt-sqlserver
[0m23:24:52.978879 [debug] [ThreadPool]: Using sqlserver connection "list_analytics"
[0m23:24:52.979317 [debug] [ThreadPool]: Using sqlserver connection "list_analytics"
[0m23:24:52.979671 [debug] [ThreadPool]: On list_analytics: /* {"app": "dbt", "dbt_version": "1.11.11", "profile_name": "data_pipeline", "target_name": "dev", "connection_name": "list_analytics"} */
USE [analytics];
    select  name as [schema]
    from sys.schemas with (nolock) 
    OPTION (LABEL = 'dbt-sqlserver');

  
[0m23:24:52.980025 [debug] [ThreadPool]: On list_analytics: /* {"app": "dbt", "dbt_version": "1.11.11", "profile_name": "data_pipeline", "target_name": "dev", "connection_name": "list_analytics"} */
USE [analytics];
    select  name as [schema]
    from sys.schemas with (nolock) 
    OPTION (LABEL = 'dbt-sqlserver');

  
[0m23:24:52.980463 [debug] [ThreadPool]: Opening a new connection, currently in state init
[0m23:24:52.980884 [debug] [ThreadPool]: Opening a new connection, currently in state init
[0m23:24:52.981358 [debug] [ThreadPool]: sqlserver adapter: Using connection string: DRIVER={ODBC Driver 18 for SQL Server};SERVER=localhost,1433;Database=analytics;Pooling=true;SQL_ATTR_TRACE=SQL_OPT_TRACE_OFF;UID={sa};PWD=***;encrypt=Yes;TrustServerCertificate=Yes;APP=dbt-sqlserver/1.9.2;ConnectRetryCount=3;ConnectRetryInterval=10
[0m23:24:52.981834 [debug] [ThreadPool]: sqlserver adapter: Using connection string: DRIVER={ODBC Driver 18 for SQL Server};SERVER=localhost,1433;Database=analytics;Pooling=true;SQL_ATTR_TRACE=SQL_OPT_TRACE_OFF;UID={sa};PWD=***;encrypt=Yes;TrustServerCertificate=Yes;APP=dbt-sqlserver/1.9.2;ConnectRetryCount=3;ConnectRetryInterval=10
[0m23:24:53.001109 [debug] [ThreadPool]: sqlserver adapter: Connected to db: analytics
[0m23:24:53.001600 [debug] [ThreadPool]: sqlserver adapter: Connected to db: analytics
[0m23:24:53.003050 [debug] [ThreadPool]: SQL status: OK in 0.000 seconds
[0m23:24:53.003458 [debug] [ThreadPool]: SQL status: OK in 0.000 seconds
[0m23:24:53.005127 [debug] [ThreadPool]: On list_analytics: Close
[0m23:24:53.006518 [debug] [ThreadPool]: On list_analytics: Close
[0m23:24:53.008166 [debug] [ThreadPool]: Re-using an available connection from the pool (formerly list_analytics, now list_analytics_intermediate)
[0m23:24:53.008739 [debug] [ThreadPool]: Re-using an available connection from the pool (formerly list_analytics, now list_analytics_marts)
[0m23:24:53.014678 [debug] [ThreadPool]: Acquiring new sqlserver connection 'list_analytics_staging'
[0m23:24:53.015338 [debug] [ThreadPool]: dbt-sqlserver
[0m23:24:53.017034 [debug] [ThreadPool]: dbt-sqlserver
[0m23:24:53.018617 [debug] [ThreadPool]: dbt-sqlserver
[0m23:24:53.019127 [debug] [ThreadPool]: Using sqlserver connection "list_analytics_intermediate"
[0m23:24:53.019540 [debug] [ThreadPool]: Using sqlserver connection "list_analytics_marts"
[0m23:24:53.019933 [debug] [ThreadPool]: Using sqlserver connection "list_analytics_staging"
[0m23:24:53.020305 [debug] [ThreadPool]: On list_analytics_intermediate: /* {"app": "dbt", "dbt_version": "1.11.11", "profile_name": "data_pipeline", "target_name": "dev", "connection_name": "list_analytics_intermediate"} */
USE [analytics];
    with base as (
      select
        DB_NAME() as [database],
        t.name as [name],
        SCHEMA_NAME(t.schema_id) as [schema],
        'table' as table_type
      from sys.tables as t with (nolock)
      union all
      select
        DB_NAME() as [database],
        v.name as [name],
        SCHEMA_NAME(v.schema_id) as [schema],
        'view' as table_type
      from sys.views as v with (nolock)
    )
    select * from base
    where [schema] like 'intermediate'
    
    OPTION (LABEL = 'dbt-sqlserver');

  
[0m23:24:53.020676 [debug] [ThreadPool]: On list_analytics_marts: /* {"app": "dbt", "dbt_version": "1.11.11", "profile_name": "data_pipeline", "target_name": "dev", "connection_name": "list_analytics_marts"} */
USE [analytics];
    with base as (
      select
        DB_NAME() as [database],
        t.name as [name],
        SCHEMA_NAME(t.schema_id) as [schema],
        'table' as table_type
      from sys.tables as t with (nolock)
      union all
      select
        DB_NAME() as [database],
        v.name as [name],
        SCHEMA_NAME(v.schema_id) as [schema],
        'view' as table_type
      from sys.views as v with (nolock)
    )
    select * from base
    where [schema] like 'marts'
    
    OPTION (LABEL = 'dbt-sqlserver');

  
[0m23:24:53.021082 [debug] [ThreadPool]: On list_analytics_staging: /* {"app": "dbt", "dbt_version": "1.11.11", "profile_name": "data_pipeline", "target_name": "dev", "connection_name": "list_analytics_staging"} */
USE [analytics];
    with base as (
      select
        DB_NAME() as [database],
        t.name as [name],
        SCHEMA_NAME(t.schema_id) as [schema],
        'table' as table_type
      from sys.tables as t with (nolock)
      union all
      select
        DB_NAME() as [database],
        v.name as [name],
        SCHEMA_NAME(v.schema_id) as [schema],
        'view' as table_type
      from sys.views as v with (nolock)
    )
    select * from base
    where [schema] like 'staging'
    
    OPTION (LABEL = 'dbt-sqlserver');

  
[0m23:24:53.021420 [debug] [ThreadPool]: Opening a new connection, currently in state closed
[0m23:24:53.021749 [debug] [ThreadPool]: Opening a new connection, currently in state closed
[0m23:24:53.022103 [debug] [ThreadPool]: Opening a new connection, currently in state init
[0m23:24:53.022491 [debug] [ThreadPool]: sqlserver adapter: Using connection string: DRIVER={ODBC Driver 18 for SQL Server};SERVER=localhost,1433;Database=analytics;Pooling=true;SQL_ATTR_TRACE=SQL_OPT_TRACE_OFF;UID={sa};PWD=***;encrypt=Yes;TrustServerCertificate=Yes;APP=dbt-sqlserver/1.9.2;ConnectRetryCount=3;ConnectRetryInterval=10
[0m23:24:53.022857 [debug] [ThreadPool]: sqlserver adapter: Using connection string: DRIVER={ODBC Driver 18 for SQL Server};SERVER=localhost,1433;Database=analytics;Pooling=true;SQL_ATTR_TRACE=SQL_OPT_TRACE_OFF;UID={sa};PWD=***;encrypt=Yes;TrustServerCertificate=Yes;APP=dbt-sqlserver/1.9.2;ConnectRetryCount=3;ConnectRetryInterval=10
[0m23:24:53.023301 [debug] [ThreadPool]: sqlserver adapter: Using connection string: DRIVER={ODBC Driver 18 for SQL Server};SERVER=localhost,1433;Database=analytics;Pooling=true;SQL_ATTR_TRACE=SQL_OPT_TRACE_OFF;UID={sa};PWD=***;encrypt=Yes;TrustServerCertificate=Yes;APP=dbt-sqlserver/1.9.2;ConnectRetryCount=3;ConnectRetryInterval=10
[0m23:24:53.033096 [debug] [ThreadPool]: sqlserver adapter: Connected to db: analytics
[0m23:24:53.033566 [debug] [ThreadPool]: sqlserver adapter: Connected to db: analytics
[0m23:24:53.033946 [debug] [ThreadPool]: sqlserver adapter: Connected to db: analytics
[0m23:24:53.037981 [debug] [ThreadPool]: SQL status: OK in 0.000 seconds
[0m23:24:53.039592 [debug] [ThreadPool]: SQL status: OK in 0.000 seconds
[0m23:24:53.040136 [debug] [ThreadPool]: On list_analytics_marts: ROLLBACK
[0m23:24:53.040676 [debug] [ThreadPool]: On list_analytics_marts: Close
[0m23:24:53.042806 [debug] [ThreadPool]: On list_analytics_intermediate: ROLLBACK
[0m23:24:53.043159 [debug] [ThreadPool]: SQL status: OK in 0.000 seconds
[0m23:24:53.043548 [debug] [ThreadPool]: On list_analytics_intermediate: Close
[0m23:24:53.045207 [debug] [ThreadPool]: On list_analytics_staging: ROLLBACK
[0m23:24:53.045599 [debug] [ThreadPool]: On list_analytics_staging: Close
[0m23:24:53.046848 [debug] [MainThread]: Sending event: {'category': 'dbt', 'action': 'runnable_timing', 'label': '8352a596-7de6-467f-b5be-bc4f116c3ab0', 'context': [<snowplow_tracker.self_describing_json.SelfDescribingJson object at 0x7f410103e6c0>]}
[0m23:24:53.047281 [debug] [MainThread]: On master: COMMIT
[0m23:24:53.049869 [debug] [Thread-1 (]: Began running node model.data_pipeline.stg_products
[0m23:24:53.050388 [info ] [Thread-1 (]: 1 of 2 START sql view model staging.stg_products ............................... [RUN]
[0m23:24:53.050858 [debug] [Thread-1 (]: Re-using an available connection from the pool (formerly list_analytics_staging, now model.data_pipeline.stg_products)
[0m23:24:53.051254 [debug] [Thread-1 (]: Began compiling node model.data_pipeline.stg_products
[0m23:24:53.057450 [debug] [Thread-1 (]: Writing injected SQL for node "model.data_pipeline.stg_products"
[0m23:24:53.058166 [debug] [Thread-1 (]: Began executing node model.data_pipeline.stg_products
[0m23:24:53.089086 [debug] [Thread-1 (]: Writing runtime sql for node "model.data_pipeline.stg_products"
[0m23:24:53.089776 [debug] [Thread-1 (]: Using sqlserver connection "model.data_pipeline.stg_products"
[0m23:24:53.090151 [debug] [Thread-1 (]: On model.data_pipeline.stg_products: /* {"app": "dbt", "dbt_version": "1.11.11", "profile_name": "data_pipeline", "target_name": "dev", "node_id": "model.data_pipeline.stg_products"} */
USE [analytics];
    
    

    

    
    USE [analytics];
    EXEC('
        create view "staging"."stg_products__dbt_tmp" as with source as (
    select * from "analytics"."raw"."products"
),

renamed as (
    select
        id                                          as product_id,
        title,
        category,
        brand,
        price,
        discount_percentage,
        round(price * (1 - discount_percentage / 100), 2) as discounted_price,
        rating,
        stock,
        availability_status,
        sku,
        minimum_order_quantity,
        return_policy,
        shipping_information,
        warranty_information
    from source
)

select * from renamed;
    ')


[0m23:24:53.090495 [debug] [Thread-1 (]: Opening a new connection, currently in state closed
[0m23:24:53.090866 [debug] [Thread-1 (]: sqlserver adapter: Using connection string: DRIVER={ODBC Driver 18 for SQL Server};SERVER=localhost,1433;Database=analytics;Pooling=true;SQL_ATTR_TRACE=SQL_OPT_TRACE_OFF;UID={sa};PWD=***;encrypt=Yes;TrustServerCertificate=Yes;APP=dbt-sqlserver/1.9.2;ConnectRetryCount=3;ConnectRetryInterval=10
[0m23:24:53.091299 [debug] [Thread-1 (]: sqlserver adapter: Connected to db: analytics
[0m23:24:53.102077 [debug] [Thread-1 (]: SQL status: OK in 0.000 seconds
[0m23:24:53.107462 [debug] [Thread-1 (]: Using sqlserver connection "model.data_pipeline.stg_products"
[0m23:24:53.108178 [debug] [Thread-1 (]: On model.data_pipeline.stg_products: /* {"app": "dbt", "dbt_version": "1.11.11", "profile_name": "data_pipeline", "target_name": "dev", "node_id": "model.data_pipeline.stg_products"} */
USE [analytics];
      EXEC sp_rename 'staging.stg_products__dbt_tmp', 'stg_products'
[0m23:24:53.127105 [debug] [Thread-1 (]: SQL status: OK in 0.000 seconds
[0m23:24:53.142317 [debug] [Thread-1 (]: On model.data_pipeline.stg_products: COMMIT
[0m23:24:53.149097 [debug] [Thread-1 (]: Applying DROP to: "analytics"."staging"."stg_products__dbt_backup"
[0m23:24:53.156255 [debug] [Thread-1 (]: dbt-sqlserver
[0m23:24:53.157152 [debug] [Thread-1 (]: Using sqlserver connection "model.data_pipeline.stg_products"
[0m23:24:53.157945 [debug] [Thread-1 (]: On model.data_pipeline.stg_products: /* {"app": "dbt", "dbt_version": "1.11.11", "profile_name": "data_pipeline", "target_name": "dev", "node_id": "model.data_pipeline.stg_products"} */

        USE [analytics];
        select
            sch.name as schema_name,
            obj.name as view_name
        from sys.sql_expression_dependencies refs
        inner join sys.objects obj
        on refs.referencing_id = obj.object_id
        inner join sys.schemas sch
        on obj.schema_id = sch.schema_id
        where refs.referenced_database_name = 'analytics'
        and refs.referenced_schema_name = 'staging'
        and refs.referenced_entity_name = 'stg_products__dbt_backup'
        and obj.type = 'V'
        
    OPTION (LABEL = 'dbt-sqlserver');

      
[0m23:24:53.175513 [debug] [Thread-1 (]: SQL status: OK in 0.000 seconds
[0m23:24:53.177067 [debug] [Thread-1 (]: Using sqlserver connection "model.data_pipeline.stg_products"
[0m23:24:53.177560 [debug] [Thread-1 (]: On model.data_pipeline.stg_products: /* {"app": "dbt", "dbt_version": "1.11.11", "profile_name": "data_pipeline", "target_name": "dev", "node_id": "model.data_pipeline.stg_products"} */

      
      
    
    USE [analytics];
    EXEC('DROP view IF EXISTS "staging"."stg_products__dbt_backup";');

[0m23:24:53.179216 [debug] [Thread-1 (]: SQL status: OK in 0.000 seconds
[0m23:24:53.181550 [debug] [Thread-1 (]: On model.data_pipeline.stg_products: ROLLBACK
[0m23:24:53.182005 [debug] [Thread-1 (]: On model.data_pipeline.stg_products: Close
[0m23:24:53.183470 [debug] [Thread-1 (]: Sending event: {'category': 'dbt', 'action': 'run_model', 'label': '8352a596-7de6-467f-b5be-bc4f116c3ab0', 'context': [<snowplow_tracker.self_describing_json.SelfDescribingJson object at 0x7f41045fe180>]}
[0m23:24:53.184147 [info ] [Thread-1 (]: 1 of 2 OK created sql view model staging.stg_products .......................... [[32mOK[0m in 0.13s]
[0m23:24:53.184742 [debug] [Thread-1 (]: Finished running node model.data_pipeline.stg_products
[0m23:24:53.185763 [debug] [Thread-3 (]: Began running node model.data_pipeline.fct_products
[0m23:24:53.186288 [info ] [Thread-3 (]: 2 of 2 START sql table model marts.fct_products ................................ [RUN]
[0m23:24:53.186779 [debug] [Thread-3 (]: Re-using an available connection from the pool (formerly list_analytics_marts, now model.data_pipeline.fct_products)
[0m23:24:53.187138 [debug] [Thread-3 (]: Began compiling node model.data_pipeline.fct_products
[0m23:24:53.190185 [debug] [Thread-3 (]: Writing injected SQL for node "model.data_pipeline.fct_products"
[0m23:24:53.190963 [debug] [Thread-3 (]: Began executing node model.data_pipeline.fct_products
[0m23:24:53.212957 [debug] [Thread-3 (]: dbt-sqlserver
[0m23:24:53.215150 [debug] [Thread-3 (]: Applying DROP to: "analytics"."marts"."fct_products__dbt_tmp__dbt_tmp_vw"
[0m23:24:53.215728 [debug] [Thread-3 (]: dbt-sqlserver
[0m23:24:53.216226 [debug] [Thread-3 (]: Using sqlserver connection "model.data_pipeline.fct_products"
[0m23:24:53.216573 [debug] [Thread-3 (]: On model.data_pipeline.fct_products: /* {"app": "dbt", "dbt_version": "1.11.11", "profile_name": "data_pipeline", "target_name": "dev", "node_id": "model.data_pipeline.fct_products"} */

        USE [analytics];
        select
            sch.name as schema_name,
            obj.name as view_name
        from sys.sql_expression_dependencies refs
        inner join sys.objects obj
        on refs.referencing_id = obj.object_id
        inner join sys.schemas sch
        on obj.schema_id = sch.schema_id
        where refs.referenced_database_name = 'analytics'
        and refs.referenced_schema_name = 'marts'
        and refs.referenced_entity_name = 'fct_products__dbt_tmp__dbt_tmp_vw'
        and obj.type = 'V'
        
    OPTION (LABEL = 'dbt-sqlserver');

      
[0m23:24:53.216918 [debug] [Thread-3 (]: Opening a new connection, currently in state closed
[0m23:24:53.217290 [debug] [Thread-3 (]: sqlserver adapter: Using connection string: DRIVER={ODBC Driver 18 for SQL Server};SERVER=localhost,1433;Database=analytics;Pooling=true;SQL_ATTR_TRACE=SQL_OPT_TRACE_OFF;UID={sa};PWD=***;encrypt=Yes;TrustServerCertificate=Yes;APP=dbt-sqlserver/1.9.2;ConnectRetryCount=3;ConnectRetryInterval=10
[0m23:24:53.217758 [debug] [Thread-3 (]: sqlserver adapter: Connected to db: analytics
[0m23:24:53.228295 [debug] [Thread-3 (]: SQL status: OK in 0.000 seconds
[0m23:24:53.229819 [debug] [Thread-3 (]: Using sqlserver connection "model.data_pipeline.fct_products"
[0m23:24:53.230290 [debug] [Thread-3 (]: On model.data_pipeline.fct_products: /* {"app": "dbt", "dbt_version": "1.11.11", "profile_name": "data_pipeline", "target_name": "dev", "node_id": "model.data_pipeline.fct_products"} */

      
      
    
    USE [analytics];
    EXEC('DROP view IF EXISTS "marts"."fct_products__dbt_tmp__dbt_tmp_vw";');

[0m23:24:53.231864 [debug] [Thread-3 (]: SQL status: OK in 0.000 seconds
[0m23:24:53.237021 [debug] [Thread-3 (]: Writing runtime sql for node "model.data_pipeline.fct_products"
[0m23:24:53.237779 [debug] [Thread-3 (]: Using sqlserver connection "model.data_pipeline.fct_products"
[0m23:24:53.238169 [debug] [Thread-3 (]: On model.data_pipeline.fct_products: /* {"app": "dbt", "dbt_version": "1.11.11", "profile_name": "data_pipeline", "target_name": "dev", "node_id": "model.data_pipeline.fct_products"} */

  
    USE [analytics];
    USE [analytics];
    
    

    

    
    USE [analytics];
    EXEC('
        create view "marts"."fct_products__dbt_tmp__dbt_tmp_vw" as with products as (
    select * from "analytics"."staging"."stg_products"
)

select
    product_id,
    title,
    category,
    brand,
    price,
    discounted_price,
    discount_percentage,
    rating,
    stock,
    availability_status,
    sku,
    minimum_order_quantity,
    return_policy,
    shipping_information,
    warranty_information
from products;
    ')

EXEC('
            SELECT * INTO "analytics"."marts"."fct_products__dbt_tmp" FROM "analytics"."marts"."fct_products__dbt_tmp__dbt_tmp_vw" 
    OPTION (LABEL = ''dbt-sqlserver'');

        ')

    
    EXEC('DROP VIEW IF EXISTS marts.fct_products__dbt_tmp__dbt_tmp_vw')



    
    use [analytics];
    if EXISTS (
        SELECT *
        FROM sys.indexes with (nolock)
        WHERE name = 'marts_fct_products__dbt_tmp_cci'
        AND object_id=object_id('marts_fct_products__dbt_tmp')
    )
    DROP index "marts"."fct_products__dbt_tmp".marts_fct_products__dbt_tmp_cci
    CREATE CLUSTERED COLUMNSTORE INDEX marts_fct_products__dbt_tmp_cci
    ON "marts"."fct_products__dbt_tmp"

   


  
[0m23:24:53.447510 [debug] [Thread-3 (]: SQL status: OK in 0.000 seconds
[0m23:24:53.450510 [debug] [Thread-3 (]: Using sqlserver connection "model.data_pipeline.fct_products"
[0m23:24:53.450943 [debug] [Thread-3 (]: On model.data_pipeline.fct_products: /* {"app": "dbt", "dbt_version": "1.11.11", "profile_name": "data_pipeline", "target_name": "dev", "node_id": "model.data_pipeline.fct_products"} */
USE [analytics];
      EXEC sp_rename 'marts.fct_products__dbt_tmp', 'fct_products'
[0m23:24:53.460771 [debug] [Thread-3 (]: SQL status: OK in 0.000 seconds
[0m23:24:53.465309 [debug] [Thread-3 (]: On model.data_pipeline.fct_products: COMMIT
[0m23:24:53.467248 [debug] [Thread-3 (]: Applying DROP to: "analytics"."marts"."fct_products__dbt_backup"
[0m23:24:53.467853 [debug] [Thread-3 (]: Using sqlserver connection "model.data_pipeline.fct_products"
[0m23:24:53.468199 [debug] [Thread-3 (]: On model.data_pipeline.fct_products: /* {"app": "dbt", "dbt_version": "1.11.11", "profile_name": "data_pipeline", "target_name": "dev", "node_id": "model.data_pipeline.fct_products"} */

      
    USE [analytics];
    EXEC('DROP table IF EXISTS "marts"."fct_products__dbt_backup";');

[0m23:24:53.469828 [debug] [Thread-3 (]: SQL status: OK in 0.000 seconds
[0m23:24:53.471180 [debug] [Thread-3 (]: On model.data_pipeline.fct_products: Close
[0m23:24:53.471796 [debug] [Thread-3 (]: Sending event: {'category': 'dbt', 'action': 'run_model', 'label': '8352a596-7de6-467f-b5be-bc4f116c3ab0', 'context': [<snowplow_tracker.self_describing_json.SelfDescribingJson object at 0x7f4101280920>]}
[0m23:24:53.472559 [info ] [Thread-3 (]: 2 of 2 OK created sql table model marts.fct_products ........................... [[32mOK[0m in 0.28s]
[0m23:24:53.473168 [debug] [Thread-3 (]: Finished running node model.data_pipeline.fct_products
[0m23:24:53.474717 [debug] [MainThread]: On master: COMMIT
[0m23:24:53.475127 [debug] [MainThread]: Connection 'master' was properly closed.
[0m23:24:53.475409 [debug] [MainThread]: Connection 'model.data_pipeline.fct_products' was properly closed.
[0m23:24:53.475684 [debug] [MainThread]: Connection 'list_analytics_intermediate' was properly closed.
[0m23:24:53.476027 [debug] [MainThread]: Connection 'model.data_pipeline.stg_products' was properly closed.
[0m23:24:53.476331 [info ] [MainThread]: 
[0m23:24:53.476707 [info ] [MainThread]: Finished running 1 table model, 1 view model in 0 hours 0 minutes and 0.52 seconds (0.52s).
[0m23:24:53.477458 [debug] [MainThread]: Command end result
[0m23:24:53.504577 [debug] [MainThread]: Wrote artifact WritableManifest to dbt/target/manifest.json
[0m23:24:53.507065 [debug] [MainThread]: Wrote artifact SemanticManifest to dbt/target/semantic_manifest.json
[0m23:24:53.513017 [debug] [MainThread]: Wrote artifact RunExecutionResult to dbt/target/run_results.json
[0m23:24:53.513499 [info ] [MainThread]: 
[0m23:24:53.513939 [info ] [MainThread]: [32mCompleted successfully[0m
[0m23:24:53.514296 [info ] [MainThread]: 
[0m23:24:53.514650 [info ] [MainThread]: Done. PASS=2 WARN=0 ERROR=0 SKIP=0 NO-OP=0 TOTAL=2
[0m23:24:53.515519 [debug] [MainThread]: Resource report: {"command_name": "run", "command_success": true, "command_wall_clock_time": 1.7710023, "process_in_blocks": "0", "process_kernel_time": 0.252313, "process_mem_max_rss": "134040", "process_out_blocks": "3712", "process_user_time": 2.684617}
[0m23:24:53.515968 [debug] [MainThread]: Command `dbt run` succeeded at 23:24:53.515883 after 1.77 seconds
[0m23:24:53.516320 [debug] [MainThread]: Sending event: {'category': 'dbt', 'action': 'invocation', 'label': 'end', 'context': [<snowplow_tracker.self_describing_json.SelfDescribingJson object at 0x7f41022f6600>, <snowplow_tracker.self_describing_json.SelfDescribingJson object at 0x7f4100d74350>, <snowplow_tracker.self_describing_json.SelfDescribingJson object at 0x7f410003d040>]}
[0m23:24:53.516662 [debug] [MainThread]: Flushing usage events
[0m23:24:53.982790 [debug] [MainThread]: An error was encountered while trying to flush usage events
[0m23:37:00.875084 [debug] [MainThread]: Sending event: {'category': 'dbt', 'action': 'invocation', 'label': 'start', 'context': [<snowplow_tracker.self_describing_json.SelfDescribingJson object at 0x7fc00178f590>, <snowplow_tracker.self_describing_json.SelfDescribingJson object at 0x7fc0010b5d30>, <snowplow_tracker.self_describing_json.SelfDescribingJson object at 0x7fc001040260>]}


============================== 23:37:00.878478 | 07831084-e651-47e5-a86d-5e9085bd465a ==============================
[0m23:37:00.878478 [info ] [MainThread]: Running with dbt=1.11.11
[0m23:37:00.878982 [debug] [MainThread]: running dbt with arguments {'cache_selected_only': 'False', 'log_cache_events': 'False', 'fail_fast': 'False', 'quiet': 'False', 'debug': 'False', 'write_json': 'True', 'log_path': 'dbt/logs', 'warn_error': 'None', 'static_parser': 'True', 'printer_width': '80', 'use_colors': 'True', 'no_print': 'None', 'send_anonymous_usage_stats': 'True', 'empty': 'False', 'warn_error_options': 'WarnErrorOptionsV2(error=[], warn=[], silence=[])', 'partial_parse': 'True', 'indirect_selection': 'eager', 'target_path': 'None', 'use_experimental_parser': 'False', 'log_format': 'default', 'profiles_dir': '.', 'invocation_command': 'dbt run --profiles-dir . --project-dir dbt --select stg_products fct_products', 'introspect': 'True', 'version_check': 'True'}
[0m23:37:01.096751 [debug] [MainThread]: Sending event: {'category': 'dbt', 'action': 'project_id', 'label': '07831084-e651-47e5-a86d-5e9085bd465a', 'context': [<snowplow_tracker.self_describing_json.SelfDescribingJson object at 0x7fc000206120>]}
[0m23:37:01.180652 [debug] [MainThread]: Sending event: {'category': 'dbt', 'action': 'adapter_info', 'label': '07831084-e651-47e5-a86d-5e9085bd465a', 'context': [<snowplow_tracker.self_describing_json.SelfDescribingJson object at 0x7fc00060c440>]}
[0m23:37:01.181678 [info ] [MainThread]: Registered adapter: sqlserver=1.9.2
[0m23:37:01.260702 [debug] [MainThread]: checksum: 30a8cc8fdcbf66701b0944d4ccce3fa46dd04b61e5df68b9f16d57b2e0e3f0be, vars: {}, profile: , target: , version: 1.11.11
[0m23:37:01.355625 [debug] [MainThread]: Partial parsing enabled: 0 files deleted, 0 files added, 1 files changed.
[0m23:37:01.356317 [debug] [MainThread]: Partial parsing: updated file: data_pipeline://models/staging/stg_products.sql
[0m23:37:01.678721 [debug] [MainThread]: Sending event: {'category': 'dbt', 'action': 'load_project', 'label': '07831084-e651-47e5-a86d-5e9085bd465a', 'context': [<snowplow_tracker.self_describing_json.SelfDescribingJson object at 0x7fbffe256f30>]}
[0m23:37:01.820817 [debug] [MainThread]: Wrote artifact WritableManifest to dbt/target/manifest.json
[0m23:37:01.823185 [debug] [MainThread]: Wrote artifact SemanticManifest to dbt/target/semantic_manifest.json
[0m23:37:01.833381 [debug] [MainThread]: Sending event: {'category': 'dbt', 'action': 'resource_counts', 'label': '07831084-e651-47e5-a86d-5e9085bd465a', 'context': [<snowplow_tracker.self_describing_json.SelfDescribingJson object at 0x7fc0000f6570>]}
[0m23:37:01.833927 [info ] [MainThread]: Found 11 models, 5 sources, 518 macros
[0m23:37:01.834373 [debug] [MainThread]: Sending event: {'category': 'dbt', 'action': 'runnable_timing', 'label': '07831084-e651-47e5-a86d-5e9085bd465a', 'context': [<snowplow_tracker.self_describing_json.SelfDescribingJson object at 0x7fc00025b290>]}
[0m23:37:01.835966 [info ] [MainThread]: 
[0m23:37:01.836372 [info ] [MainThread]: Concurrency: 4 threads (target='dev')
[0m23:37:01.836688 [info ] [MainThread]: 
[0m23:37:01.837185 [debug] [MainThread]: Acquiring new sqlserver connection 'master'
[0m23:37:01.841813 [debug] [ThreadPool]: Acquiring new sqlserver connection 'list_analytics'
[0m23:37:01.842444 [debug] [ThreadPool]: Acquiring new sqlserver connection 'list_analytics'
[0m23:37:01.855040 [debug] [ThreadPool]: dbt-sqlserver
[0m23:37:01.856961 [debug] [ThreadPool]: dbt-sqlserver
[0m23:37:01.857486 [debug] [ThreadPool]: Using sqlserver connection "list_analytics"
[0m23:37:01.857906 [debug] [ThreadPool]: Using sqlserver connection "list_analytics"
[0m23:37:01.858297 [debug] [ThreadPool]: On list_analytics: /* {"app": "dbt", "dbt_version": "1.11.11", "profile_name": "data_pipeline", "target_name": "dev", "connection_name": "list_analytics"} */
USE [analytics];
    select  name as [schema]
    from sys.schemas with (nolock) 
    OPTION (LABEL = 'dbt-sqlserver');

  
[0m23:37:01.858658 [debug] [ThreadPool]: On list_analytics: /* {"app": "dbt", "dbt_version": "1.11.11", "profile_name": "data_pipeline", "target_name": "dev", "connection_name": "list_analytics"} */
USE [analytics];
    select  name as [schema]
    from sys.schemas with (nolock) 
    OPTION (LABEL = 'dbt-sqlserver');

  
[0m23:37:01.859015 [debug] [ThreadPool]: Opening a new connection, currently in state init
[0m23:37:01.859440 [debug] [ThreadPool]: Opening a new connection, currently in state init
[0m23:37:01.859833 [debug] [ThreadPool]: sqlserver adapter: Using connection string: DRIVER={ODBC Driver 18 for SQL Server};SERVER=localhost,1433;Database=analytics;Pooling=true;SQL_ATTR_TRACE=SQL_OPT_TRACE_OFF;UID={sa};PWD=***;encrypt=Yes;TrustServerCertificate=Yes;APP=dbt-sqlserver/1.9.2;ConnectRetryCount=3;ConnectRetryInterval=10
[0m23:37:01.860230 [debug] [ThreadPool]: sqlserver adapter: Using connection string: DRIVER={ODBC Driver 18 for SQL Server};SERVER=localhost,1433;Database=analytics;Pooling=true;SQL_ATTR_TRACE=SQL_OPT_TRACE_OFF;UID={sa};PWD=***;encrypt=Yes;TrustServerCertificate=Yes;APP=dbt-sqlserver/1.9.2;ConnectRetryCount=3;ConnectRetryInterval=10
[0m23:37:01.878074 [debug] [ThreadPool]: sqlserver adapter: Connected to db: analytics
[0m23:37:01.878598 [debug] [ThreadPool]: sqlserver adapter: Connected to db: analytics
[0m23:37:01.879765 [debug] [ThreadPool]: SQL status: OK in 0.000 seconds
[0m23:37:01.880109 [debug] [ThreadPool]: SQL status: OK in 0.000 seconds
[0m23:37:01.881892 [debug] [ThreadPool]: On list_analytics: Close
[0m23:37:01.883177 [debug] [ThreadPool]: On list_analytics: Close
[0m23:37:01.884752 [debug] [ThreadPool]: Re-using an available connection from the pool (formerly list_analytics, now list_analytics_marts)
[0m23:37:01.885267 [debug] [ThreadPool]: Re-using an available connection from the pool (formerly list_analytics, now list_analytics_intermediate)
[0m23:37:01.891100 [debug] [ThreadPool]: dbt-sqlserver
[0m23:37:01.891806 [debug] [ThreadPool]: Acquiring new sqlserver connection 'list_analytics_staging'
[0m23:37:01.895182 [debug] [ThreadPool]: dbt-sqlserver
[0m23:37:01.895892 [debug] [ThreadPool]: Using sqlserver connection "list_analytics_marts"
[0m23:37:01.898118 [debug] [ThreadPool]: dbt-sqlserver
[0m23:37:01.898654 [debug] [ThreadPool]: Using sqlserver connection "list_analytics_intermediate"
[0m23:37:01.899036 [debug] [ThreadPool]: On list_analytics_marts: /* {"app": "dbt", "dbt_version": "1.11.11", "profile_name": "data_pipeline", "target_name": "dev", "connection_name": "list_analytics_marts"} */
USE [analytics];
    with base as (
      select
        DB_NAME() as [database],
        t.name as [name],
        SCHEMA_NAME(t.schema_id) as [schema],
        'table' as table_type
      from sys.tables as t with (nolock)
      union all
      select
        DB_NAME() as [database],
        v.name as [name],
        SCHEMA_NAME(v.schema_id) as [schema],
        'view' as table_type
      from sys.views as v with (nolock)
    )
    select * from base
    where [schema] like 'marts'
    
    OPTION (LABEL = 'dbt-sqlserver');

  
[0m23:37:01.899432 [debug] [ThreadPool]: Using sqlserver connection "list_analytics_staging"
[0m23:37:01.899809 [debug] [ThreadPool]: On list_analytics_intermediate: /* {"app": "dbt", "dbt_version": "1.11.11", "profile_name": "data_pipeline", "target_name": "dev", "connection_name": "list_analytics_intermediate"} */
USE [analytics];
    with base as (
      select
        DB_NAME() as [database],
        t.name as [name],
        SCHEMA_NAME(t.schema_id) as [schema],
        'table' as table_type
      from sys.tables as t with (nolock)
      union all
      select
        DB_NAME() as [database],
        v.name as [name],
        SCHEMA_NAME(v.schema_id) as [schema],
        'view' as table_type
      from sys.views as v with (nolock)
    )
    select * from base
    where [schema] like 'intermediate'
    
    OPTION (LABEL = 'dbt-sqlserver');

  
[0m23:37:01.900156 [debug] [ThreadPool]: Opening a new connection, currently in state closed
[0m23:37:01.900518 [debug] [ThreadPool]: On list_analytics_staging: /* {"app": "dbt", "dbt_version": "1.11.11", "profile_name": "data_pipeline", "target_name": "dev", "connection_name": "list_analytics_staging"} */
USE [analytics];
    with base as (
      select
        DB_NAME() as [database],
        t.name as [name],
        SCHEMA_NAME(t.schema_id) as [schema],
        'table' as table_type
      from sys.tables as t with (nolock)
      union all
      select
        DB_NAME() as [database],
        v.name as [name],
        SCHEMA_NAME(v.schema_id) as [schema],
        'view' as table_type
      from sys.views as v with (nolock)
    )
    select * from base
    where [schema] like 'staging'
    
    OPTION (LABEL = 'dbt-sqlserver');

  
[0m23:37:01.900861 [debug] [ThreadPool]: Opening a new connection, currently in state closed
[0m23:37:01.901277 [debug] [ThreadPool]: sqlserver adapter: Using connection string: DRIVER={ODBC Driver 18 for SQL Server};SERVER=localhost,1433;Database=analytics;Pooling=true;SQL_ATTR_TRACE=SQL_OPT_TRACE_OFF;UID={sa};PWD=***;encrypt=Yes;TrustServerCertificate=Yes;APP=dbt-sqlserver/1.9.2;ConnectRetryCount=3;ConnectRetryInterval=10
[0m23:37:01.901604 [debug] [ThreadPool]: Opening a new connection, currently in state init
[0m23:37:01.901996 [debug] [ThreadPool]: sqlserver adapter: Using connection string: DRIVER={ODBC Driver 18 for SQL Server};SERVER=localhost,1433;Database=analytics;Pooling=true;SQL_ATTR_TRACE=SQL_OPT_TRACE_OFF;UID={sa};PWD=***;encrypt=Yes;TrustServerCertificate=Yes;APP=dbt-sqlserver/1.9.2;ConnectRetryCount=3;ConnectRetryInterval=10
[0m23:37:01.902463 [debug] [ThreadPool]: sqlserver adapter: Connected to db: analytics
[0m23:37:01.902832 [debug] [ThreadPool]: sqlserver adapter: Using connection string: DRIVER={ODBC Driver 18 for SQL Server};SERVER=localhost,1433;Database=analytics;Pooling=true;SQL_ATTR_TRACE=SQL_OPT_TRACE_OFF;UID={sa};PWD=***;encrypt=Yes;TrustServerCertificate=Yes;APP=dbt-sqlserver/1.9.2;ConnectRetryCount=3;ConnectRetryInterval=10
[0m23:37:01.903360 [debug] [ThreadPool]: sqlserver adapter: Connected to db: analytics
[0m23:37:01.907367 [debug] [ThreadPool]: SQL status: OK in 0.000 seconds
[0m23:37:01.908660 [debug] [ThreadPool]: On list_analytics_marts: ROLLBACK
[0m23:37:01.909027 [debug] [ThreadPool]: On list_analytics_marts: Close
[0m23:37:01.910209 [debug] [ThreadPool]: SQL status: OK in 0.000 seconds
[0m23:37:01.911353 [debug] [ThreadPool]: On list_analytics_intermediate: ROLLBACK
[0m23:37:01.911677 [debug] [ThreadPool]: On list_analytics_intermediate: Close
[0m23:37:01.912019 [debug] [ThreadPool]: sqlserver adapter: Connected to db: analytics
[0m23:37:01.916098 [debug] [ThreadPool]: SQL status: OK in 0.000 seconds
[0m23:37:01.917413 [debug] [ThreadPool]: On list_analytics_staging: ROLLBACK
[0m23:37:01.917794 [debug] [ThreadPool]: On list_analytics_staging: Close
[0m23:37:01.919152 [debug] [MainThread]: Sending event: {'category': 'dbt', 'action': 'runnable_timing', 'label': '07831084-e651-47e5-a86d-5e9085bd465a', 'context': [<snowplow_tracker.self_describing_json.SelfDescribingJson object at 0x7fc0031a50d0>]}
[0m23:37:01.919618 [debug] [MainThread]: On master: COMMIT
[0m23:37:01.921968 [debug] [Thread-1 (]: Began running node model.data_pipeline.stg_products
[0m23:37:01.922544 [info ] [Thread-1 (]: 1 of 2 START sql view model staging.stg_products ............................... [RUN]
[0m23:37:01.922989 [debug] [Thread-1 (]: Re-using an available connection from the pool (formerly list_analytics_staging, now model.data_pipeline.stg_products)
[0m23:37:01.923355 [debug] [Thread-1 (]: Began compiling node model.data_pipeline.stg_products
[0m23:37:01.929709 [debug] [Thread-1 (]: Writing injected SQL for node "model.data_pipeline.stg_products"
[0m23:37:01.930489 [debug] [Thread-1 (]: Began executing node model.data_pipeline.stg_products
[0m23:37:01.960287 [debug] [Thread-1 (]: Writing runtime sql for node "model.data_pipeline.stg_products"
[0m23:37:01.961259 [debug] [Thread-1 (]: Using sqlserver connection "model.data_pipeline.stg_products"
[0m23:37:01.961662 [debug] [Thread-1 (]: On model.data_pipeline.stg_products: /* {"app": "dbt", "dbt_version": "1.11.11", "profile_name": "data_pipeline", "target_name": "dev", "node_id": "model.data_pipeline.stg_products"} */
USE [analytics];
    
    

    

    
    USE [analytics];
    EXEC('
        create view "staging"."stg_products__dbt_tmp" as with source as (
    select * from "analytics"."raw"."products"
),

renamed as (
    select
        id                                          as product_id,
        title,
        category,
        coalesce(nullif(trim(brand), ''''), ''Saknas'') as brand,
        price,
        discount_percentage,
        round(price * (1 - discount_percentage / 100), 2) as discounted_price,
        rating,
        stock,
        availability_status,
        sku,
        minimum_order_quantity,
        return_policy,
        shipping_information,
        warranty_information
    from source
)

select * from renamed;
    ')


[0m23:37:01.962064 [debug] [Thread-1 (]: Opening a new connection, currently in state closed
[0m23:37:01.962439 [debug] [Thread-1 (]: sqlserver adapter: Using connection string: DRIVER={ODBC Driver 18 for SQL Server};SERVER=localhost,1433;Database=analytics;Pooling=true;SQL_ATTR_TRACE=SQL_OPT_TRACE_OFF;UID={sa};PWD=***;encrypt=Yes;TrustServerCertificate=Yes;APP=dbt-sqlserver/1.9.2;ConnectRetryCount=3;ConnectRetryInterval=10
[0m23:37:01.962816 [debug] [Thread-1 (]: sqlserver adapter: Connected to db: analytics
[0m23:37:01.973865 [debug] [Thread-1 (]: SQL status: OK in 0.000 seconds
[0m23:37:01.979096 [debug] [Thread-1 (]: Using sqlserver connection "model.data_pipeline.stg_products"
[0m23:37:01.979500 [debug] [Thread-1 (]: On model.data_pipeline.stg_products: /* {"app": "dbt", "dbt_version": "1.11.11", "profile_name": "data_pipeline", "target_name": "dev", "node_id": "model.data_pipeline.stg_products"} */
USE [analytics];
      EXEC sp_rename 'staging.stg_products', 'stg_products__dbt_backup'
[0m23:37:01.995923 [debug] [Thread-1 (]: SQL status: OK in 0.000 seconds
[0m23:37:01.998547 [debug] [Thread-1 (]: Using sqlserver connection "model.data_pipeline.stg_products"
[0m23:37:01.998941 [debug] [Thread-1 (]: On model.data_pipeline.stg_products: /* {"app": "dbt", "dbt_version": "1.11.11", "profile_name": "data_pipeline", "target_name": "dev", "node_id": "model.data_pipeline.stg_products"} */
USE [analytics];
      EXEC sp_rename 'staging.stg_products__dbt_tmp', 'stg_products'
[0m23:37:02.006269 [debug] [Thread-1 (]: SQL status: OK in 0.000 seconds
[0m23:37:02.023414 [debug] [Thread-1 (]: On model.data_pipeline.stg_products: COMMIT
[0m23:37:02.030202 [debug] [Thread-1 (]: Applying DROP to: "analytics"."staging"."stg_products__dbt_backup"
[0m23:37:02.039694 [debug] [Thread-1 (]: dbt-sqlserver
[0m23:37:02.040453 [debug] [Thread-1 (]: Using sqlserver connection "model.data_pipeline.stg_products"
[0m23:37:02.040970 [debug] [Thread-1 (]: On model.data_pipeline.stg_products: /* {"app": "dbt", "dbt_version": "1.11.11", "profile_name": "data_pipeline", "target_name": "dev", "node_id": "model.data_pipeline.stg_products"} */

        USE [analytics];
        select
            sch.name as schema_name,
            obj.name as view_name
        from sys.sql_expression_dependencies refs
        inner join sys.objects obj
        on refs.referencing_id = obj.object_id
        inner join sys.schemas sch
        on obj.schema_id = sch.schema_id
        where refs.referenced_database_name = 'analytics'
        and refs.referenced_schema_name = 'staging'
        and refs.referenced_entity_name = 'stg_products__dbt_backup'
        and obj.type = 'V'
        
    OPTION (LABEL = 'dbt-sqlserver');

      
[0m23:37:02.042846 [debug] [Thread-1 (]: SQL status: OK in 0.000 seconds
[0m23:37:02.044377 [debug] [Thread-1 (]: Using sqlserver connection "model.data_pipeline.stg_products"
[0m23:37:02.044807 [debug] [Thread-1 (]: On model.data_pipeline.stg_products: /* {"app": "dbt", "dbt_version": "1.11.11", "profile_name": "data_pipeline", "target_name": "dev", "node_id": "model.data_pipeline.stg_products"} */

      
      
    
    USE [analytics];
    EXEC('DROP view IF EXISTS "staging"."stg_products__dbt_backup";');

[0m23:37:02.052551 [debug] [Thread-1 (]: SQL status: OK in 0.000 seconds
[0m23:37:02.054962 [debug] [Thread-1 (]: On model.data_pipeline.stg_products: ROLLBACK
[0m23:37:02.055501 [debug] [Thread-1 (]: On model.data_pipeline.stg_products: Close
[0m23:37:02.057095 [debug] [Thread-1 (]: Sending event: {'category': 'dbt', 'action': 'run_model', 'label': '07831084-e651-47e5-a86d-5e9085bd465a', 'context': [<snowplow_tracker.self_describing_json.SelfDescribingJson object at 0x7fbfffc73b60>]}
[0m23:37:02.057899 [info ] [Thread-1 (]: 1 of 2 OK created sql view model staging.stg_products .......................... [[32mOK[0m in 0.13s]
[0m23:37:02.058598 [debug] [Thread-1 (]: Finished running node model.data_pipeline.stg_products
[0m23:37:02.059761 [debug] [Thread-3 (]: Began running node model.data_pipeline.fct_products
[0m23:37:02.060310 [info ] [Thread-3 (]: 2 of 2 START sql table model marts.fct_products ................................ [RUN]
[0m23:37:02.060771 [debug] [Thread-3 (]: Re-using an available connection from the pool (formerly list_analytics_marts, now model.data_pipeline.fct_products)
[0m23:37:02.061206 [debug] [Thread-3 (]: Began compiling node model.data_pipeline.fct_products
[0m23:37:02.063715 [debug] [Thread-3 (]: Writing injected SQL for node "model.data_pipeline.fct_products"
[0m23:37:02.064417 [debug] [Thread-3 (]: Began executing node model.data_pipeline.fct_products
[0m23:37:02.085955 [debug] [Thread-3 (]: dbt-sqlserver
[0m23:37:02.088494 [debug] [Thread-3 (]: Applying DROP to: "analytics"."marts"."fct_products__dbt_tmp__dbt_tmp_vw"
[0m23:37:02.089184 [debug] [Thread-3 (]: dbt-sqlserver
[0m23:37:02.089617 [debug] [Thread-3 (]: Using sqlserver connection "model.data_pipeline.fct_products"
[0m23:37:02.090180 [debug] [Thread-3 (]: On model.data_pipeline.fct_products: /* {"app": "dbt", "dbt_version": "1.11.11", "profile_name": "data_pipeline", "target_name": "dev", "node_id": "model.data_pipeline.fct_products"} */

        USE [analytics];
        select
            sch.name as schema_name,
            obj.name as view_name
        from sys.sql_expression_dependencies refs
        inner join sys.objects obj
        on refs.referencing_id = obj.object_id
        inner join sys.schemas sch
        on obj.schema_id = sch.schema_id
        where refs.referenced_database_name = 'analytics'
        and refs.referenced_schema_name = 'marts'
        and refs.referenced_entity_name = 'fct_products__dbt_tmp__dbt_tmp_vw'
        and obj.type = 'V'
        
    OPTION (LABEL = 'dbt-sqlserver');

      
[0m23:37:02.090591 [debug] [Thread-3 (]: Opening a new connection, currently in state closed
[0m23:37:02.091063 [debug] [Thread-3 (]: sqlserver adapter: Using connection string: DRIVER={ODBC Driver 18 for SQL Server};SERVER=localhost,1433;Database=analytics;Pooling=true;SQL_ATTR_TRACE=SQL_OPT_TRACE_OFF;UID={sa};PWD=***;encrypt=Yes;TrustServerCertificate=Yes;APP=dbt-sqlserver/1.9.2;ConnectRetryCount=3;ConnectRetryInterval=10
[0m23:37:02.091500 [debug] [Thread-3 (]: sqlserver adapter: Connected to db: analytics
[0m23:37:02.093168 [debug] [Thread-3 (]: SQL status: OK in 0.000 seconds
[0m23:37:02.094677 [debug] [Thread-3 (]: Using sqlserver connection "model.data_pipeline.fct_products"
[0m23:37:02.095171 [debug] [Thread-3 (]: On model.data_pipeline.fct_products: /* {"app": "dbt", "dbt_version": "1.11.11", "profile_name": "data_pipeline", "target_name": "dev", "node_id": "model.data_pipeline.fct_products"} */

      
      
    
    USE [analytics];
    EXEC('DROP view IF EXISTS "marts"."fct_products__dbt_tmp__dbt_tmp_vw";');

[0m23:37:02.096569 [debug] [Thread-3 (]: SQL status: OK in 0.000 seconds
[0m23:37:02.101425 [debug] [Thread-3 (]: Writing runtime sql for node "model.data_pipeline.fct_products"
[0m23:37:02.102161 [debug] [Thread-3 (]: Using sqlserver connection "model.data_pipeline.fct_products"
[0m23:37:02.102541 [debug] [Thread-3 (]: On model.data_pipeline.fct_products: /* {"app": "dbt", "dbt_version": "1.11.11", "profile_name": "data_pipeline", "target_name": "dev", "node_id": "model.data_pipeline.fct_products"} */

  
    USE [analytics];
    USE [analytics];
    
    

    

    
    USE [analytics];
    EXEC('
        create view "marts"."fct_products__dbt_tmp__dbt_tmp_vw" as with products as (
    select * from "analytics"."staging"."stg_products"
)

select
    product_id,
    title,
    category,
    brand,
    price,
    discounted_price,
    discount_percentage,
    rating,
    stock,
    availability_status,
    sku,
    minimum_order_quantity,
    return_policy,
    shipping_information,
    warranty_information
from products;
    ')

EXEC('
            SELECT * INTO "analytics"."marts"."fct_products__dbt_tmp" FROM "analytics"."marts"."fct_products__dbt_tmp__dbt_tmp_vw" 
    OPTION (LABEL = ''dbt-sqlserver'');

        ')

    
    EXEC('DROP VIEW IF EXISTS marts.fct_products__dbt_tmp__dbt_tmp_vw')



    
    use [analytics];
    if EXISTS (
        SELECT *
        FROM sys.indexes with (nolock)
        WHERE name = 'marts_fct_products__dbt_tmp_cci'
        AND object_id=object_id('marts_fct_products__dbt_tmp')
    )
    DROP index "marts"."fct_products__dbt_tmp".marts_fct_products__dbt_tmp_cci
    CREATE CLUSTERED COLUMNSTORE INDEX marts_fct_products__dbt_tmp_cci
    ON "marts"."fct_products__dbt_tmp"

   


  
[0m23:37:02.292720 [debug] [Thread-3 (]: SQL status: OK in 0.000 seconds
[0m23:37:02.296037 [debug] [Thread-3 (]: Using sqlserver connection "model.data_pipeline.fct_products"
[0m23:37:02.296625 [debug] [Thread-3 (]: On model.data_pipeline.fct_products: /* {"app": "dbt", "dbt_version": "1.11.11", "profile_name": "data_pipeline", "target_name": "dev", "node_id": "model.data_pipeline.fct_products"} */
USE [analytics];
      EXEC sp_rename 'marts.fct_products', 'fct_products__dbt_backup'
[0m23:37:02.305665 [debug] [Thread-3 (]: SQL status: OK in 0.000 seconds
[0m23:37:02.308461 [debug] [Thread-3 (]: Using sqlserver connection "model.data_pipeline.fct_products"
[0m23:37:02.308872 [debug] [Thread-3 (]: On model.data_pipeline.fct_products: /* {"app": "dbt", "dbt_version": "1.11.11", "profile_name": "data_pipeline", "target_name": "dev", "node_id": "model.data_pipeline.fct_products"} */
USE [analytics];
      EXEC sp_rename 'marts.fct_products__dbt_tmp', 'fct_products'
[0m23:37:02.316666 [debug] [Thread-3 (]: SQL status: OK in 0.000 seconds
[0m23:37:02.320971 [debug] [Thread-3 (]: On model.data_pipeline.fct_products: COMMIT
[0m23:37:02.323259 [debug] [Thread-3 (]: Applying DROP to: "analytics"."marts"."fct_products__dbt_backup"
[0m23:37:02.323985 [debug] [Thread-3 (]: Using sqlserver connection "model.data_pipeline.fct_products"
[0m23:37:02.324365 [debug] [Thread-3 (]: On model.data_pipeline.fct_products: /* {"app": "dbt", "dbt_version": "1.11.11", "profile_name": "data_pipeline", "target_name": "dev", "node_id": "model.data_pipeline.fct_products"} */

      
    USE [analytics];
    EXEC('DROP table IF EXISTS "marts"."fct_products__dbt_backup";');

[0m23:37:02.338519 [debug] [Thread-3 (]: SQL status: OK in 0.000 seconds
[0m23:37:02.339952 [debug] [Thread-3 (]: On model.data_pipeline.fct_products: Close
[0m23:37:02.340589 [debug] [Thread-3 (]: Sending event: {'category': 'dbt', 'action': 'run_model', 'label': '07831084-e651-47e5-a86d-5e9085bd465a', 'context': [<snowplow_tracker.self_describing_json.SelfDescribingJson object at 0x7fbffe1f7320>]}
[0m23:37:02.341209 [info ] [Thread-3 (]: 2 of 2 OK created sql table model marts.fct_products ........................... [[32mOK[0m in 0.28s]
[0m23:37:02.341750 [debug] [Thread-3 (]: Finished running node model.data_pipeline.fct_products
[0m23:37:02.343299 [debug] [MainThread]: On master: COMMIT
[0m23:37:02.343676 [debug] [MainThread]: Connection 'master' was properly closed.
[0m23:37:02.343991 [debug] [MainThread]: Connection 'list_analytics_intermediate' was properly closed.
[0m23:37:02.344276 [debug] [MainThread]: Connection 'model.data_pipeline.fct_products' was properly closed.
[0m23:37:02.344576 [debug] [MainThread]: Connection 'model.data_pipeline.stg_products' was properly closed.
[0m23:37:02.344898 [info ] [MainThread]: 
[0m23:37:02.345257 [info ] [MainThread]: Finished running 1 table model, 1 view model in 0 hours 0 minutes and 0.51 seconds (0.51s).
[0m23:37:02.345987 [debug] [MainThread]: Command end result
[0m23:37:02.373118 [debug] [MainThread]: Wrote artifact WritableManifest to dbt/target/manifest.json
[0m23:37:02.375183 [debug] [MainThread]: Wrote artifact SemanticManifest to dbt/target/semantic_manifest.json
[0m23:37:02.380490 [debug] [MainThread]: Wrote artifact RunExecutionResult to dbt/target/run_results.json
[0m23:37:02.380873 [info ] [MainThread]: 
[0m23:37:02.381344 [info ] [MainThread]: [32mCompleted successfully[0m
[0m23:37:02.381678 [info ] [MainThread]: 
[0m23:37:02.382132 [info ] [MainThread]: Done. PASS=2 WARN=0 ERROR=0 SKIP=0 NO-OP=0 TOTAL=2
[0m23:37:02.383186 [debug] [MainThread]: Resource report: {"command_name": "run", "command_success": true, "command_wall_clock_time": 1.5821244, "process_in_blocks": "0", "process_kernel_time": 0.378728, "process_mem_max_rss": "133308", "process_out_blocks": "3720", "process_user_time": 2.471699}
[0m23:37:02.383653 [debug] [MainThread]: Command `dbt run` succeeded at 23:37:02.383568 after 1.58 seconds
[0m23:37:02.384066 [debug] [MainThread]: Sending event: {'category': 'dbt', 'action': 'invocation', 'label': 'end', 'context': [<snowplow_tracker.self_describing_json.SelfDescribingJson object at 0x7fc003274d70>, <snowplow_tracker.self_describing_json.SelfDescribingJson object at 0x7fc000345820>, <snowplow_tracker.self_describing_json.SelfDescribingJson object at 0x7fc0037cfec0>]}
[0m23:37:02.384463 [debug] [MainThread]: Flushing usage events
[0m23:37:02.980603 [debug] [MainThread]: An error was encountered while trying to flush usage events
[0m23:41:22.701664 [debug] [MainThread]: Sending event: {'category': 'dbt', 'action': 'invocation', 'label': 'start', 'context': [<snowplow_tracker.self_describing_json.SelfDescribingJson object at 0x7ff61c4cf500>, <snowplow_tracker.self_describing_json.SelfDescribingJson object at 0x7ff61e7172c0>, <snowplow_tracker.self_describing_json.SelfDescribingJson object at 0x7ff61e7151f0>]}


============================== 23:41:22.704698 | 00127231-a39d-4dd2-8aad-89266af4315f ==============================
[0m23:41:22.704698 [info ] [MainThread]: Running with dbt=1.11.11
[0m23:41:22.706335 [debug] [MainThread]: running dbt with arguments {'use_experimental_parser': 'False', 'log_cache_events': 'False', 'partial_parse': 'True', 'empty': 'False', 'indirect_selection': 'eager', 'warn_error_options': 'WarnErrorOptionsV2(error=[], warn=[], silence=[])', 'introspect': 'True', 'warn_error': 'None', 'version_check': 'True', 'cache_selected_only': 'False', 'write_json': 'True', 'invocation_command': 'dbt run --profiles-dir . --project-dir dbt --select stg_products fct_products fct_user_activity', 'debug': 'False', 'profiles_dir': '.', 'quiet': 'False', 'no_print': 'None', 'send_anonymous_usage_stats': 'True', 'static_parser': 'True', 'fail_fast': 'False', 'target_path': 'None', 'log_path': 'dbt/logs', 'use_colors': 'True', 'log_format': 'default', 'printer_width': '80'}
[0m23:41:22.910047 [debug] [MainThread]: Sending event: {'category': 'dbt', 'action': 'project_id', 'label': '00127231-a39d-4dd2-8aad-89266af4315f', 'context': [<snowplow_tracker.self_describing_json.SelfDescribingJson object at 0x7ff61b37cd40>]}
[0m23:41:22.989470 [debug] [MainThread]: Sending event: {'category': 'dbt', 'action': 'adapter_info', 'label': '00127231-a39d-4dd2-8aad-89266af4315f', 'context': [<snowplow_tracker.self_describing_json.SelfDescribingJson object at 0x7ff61b37e030>]}
[0m23:41:22.990163 [info ] [MainThread]: Registered adapter: sqlserver=1.9.2
[0m23:41:23.066414 [debug] [MainThread]: checksum: 30a8cc8fdcbf66701b0944d4ccce3fa46dd04b61e5df68b9f16d57b2e0e3f0be, vars: {}, profile: , target: , version: 1.11.11
[0m23:41:23.161480 [debug] [MainThread]: Partial parsing enabled: 0 files deleted, 1 files added, 2 files changed.
[0m23:41:23.162127 [debug] [MainThread]: Partial parsing: added file: data_pipeline://models/marts/fct_user_activity.sql
[0m23:41:23.163028 [debug] [MainThread]: Partial parsing: updated file: data_pipeline://models/staging/_sources.yml
[0m23:41:23.163372 [debug] [MainThread]: Partial parsing: updated file: data_pipeline://models/staging/stg_products.sql
[0m23:41:23.600844 [error] [MainThread]: Encountered an error:
Compilation Error
  dbt found two sources with the name "raw_users".
  
  Since these resources have the same name, dbt will be unable to find the correct resource
  when looking for source("raw", "users").
  
  To fix this, change the name of one of these resources:
  - source.data_pipeline.raw.users (models/staging/_sources.yml)
  - source.data_pipeline.raw.users (models/staging/_sources.yml)
[0m23:41:23.602195 [debug] [MainThread]: Resource report: {"command_name": "run", "command_success": false, "command_wall_clock_time": 0.97582394, "process_in_blocks": "0", "process_kernel_time": 0.309204, "process_mem_max_rss": "124532", "process_out_blocks": "8", "process_user_time": 2.094612}
[0m23:41:23.602785 [debug] [MainThread]: Command `dbt run` failed at 23:41:23.602689 after 0.98 seconds
[0m23:41:23.603167 [debug] [MainThread]: Sending event: {'category': 'dbt', 'action': 'invocation', 'label': 'end', 'context': [<snowplow_tracker.self_describing_json.SelfDescribingJson object at 0x7ff61b9e7770>, <snowplow_tracker.self_describing_json.SelfDescribingJson object at 0x7ff61a8abf80>, <snowplow_tracker.self_describing_json.SelfDescribingJson object at 0x7ff61d183fb0>]}
[0m23:41:23.603538 [debug] [MainThread]: Flushing usage events
[0m23:41:24.137432 [debug] [MainThread]: An error was encountered while trying to flush usage events
[0m23:42:08.033189 [debug] [MainThread]: Sending event: {'category': 'dbt', 'action': 'invocation', 'label': 'start', 'context': [<snowplow_tracker.self_describing_json.SelfDescribingJson object at 0x7f3cf5d3ecc0>, <snowplow_tracker.self_describing_json.SelfDescribingJson object at 0x7f3cf640fb60>, <snowplow_tracker.self_describing_json.SelfDescribingJson object at 0x7f3cf60400b0>]}


============================== 23:42:08.035835 | c0bb587c-ab8c-4c70-a4b9-2d2a8774681b ==============================
[0m23:42:08.035835 [info ] [MainThread]: Running with dbt=1.11.11
[0m23:42:08.036376 [debug] [MainThread]: running dbt with arguments {'fail_fast': 'False', 'log_cache_events': 'False', 'quiet': 'False', 'printer_width': '80', 'no_print': 'None', 'write_json': 'True', 'log_path': 'dbt/logs', 'profiles_dir': '.', 'version_check': 'True', 'invocation_command': 'dbt run --profiles-dir . --project-dir dbt --select stg_products fct_products fct_user_activity', 'send_anonymous_usage_stats': 'True', 'log_format': 'default', 'indirect_selection': 'eager', 'debug': 'False', 'static_parser': 'True', 'use_colors': 'True', 'empty': 'False', 'use_experimental_parser': 'False', 'warn_error_options': 'WarnErrorOptionsV2(error=[], warn=[], silence=[])', 'cache_selected_only': 'False', 'warn_error': 'None', 'target_path': 'None', 'partial_parse': 'True', 'introspect': 'True'}
[0m23:42:08.239446 [debug] [MainThread]: Sending event: {'category': 'dbt', 'action': 'project_id', 'label': 'c0bb587c-ab8c-4c70-a4b9-2d2a8774681b', 'context': [<snowplow_tracker.self_describing_json.SelfDescribingJson object at 0x7f3cf50ca450>]}
[0m23:42:08.321841 [debug] [MainThread]: Sending event: {'category': 'dbt', 'action': 'adapter_info', 'label': 'c0bb587c-ab8c-4c70-a4b9-2d2a8774681b', 'context': [<snowplow_tracker.self_describing_json.SelfDescribingJson object at 0x7f3cf5fdff20>]}
[0m23:42:08.322566 [info ] [MainThread]: Registered adapter: sqlserver=1.9.2
[0m23:42:08.398882 [debug] [MainThread]: checksum: 30a8cc8fdcbf66701b0944d4ccce3fa46dd04b61e5df68b9f16d57b2e0e3f0be, vars: {}, profile: , target: , version: 1.11.11
[0m23:42:08.489070 [debug] [MainThread]: Partial parsing enabled: 0 files deleted, 1 files added, 2 files changed.
[0m23:42:08.489633 [debug] [MainThread]: Partial parsing: added file: data_pipeline://models/marts/fct_user_activity.sql
[0m23:42:08.490219 [debug] [MainThread]: Partial parsing: updated file: data_pipeline://models/staging/_sources.yml
[0m23:42:08.490774 [debug] [MainThread]: Partial parsing: updated file: data_pipeline://models/staging/stg_products.sql
[0m23:42:09.004139 [debug] [MainThread]: Sending event: {'category': 'dbt', 'action': 'load_project', 'label': 'c0bb587c-ab8c-4c70-a4b9-2d2a8774681b', 'context': [<snowplow_tracker.self_describing_json.SelfDescribingJson object at 0x7f3cf4e44830>]}
[0m23:42:09.071609 [debug] [MainThread]: Wrote artifact WritableManifest to dbt/target/manifest.json
[0m23:42:09.074060 [debug] [MainThread]: Wrote artifact SemanticManifest to dbt/target/semantic_manifest.json
[0m23:42:09.081856 [debug] [MainThread]: Sending event: {'category': 'dbt', 'action': 'resource_counts', 'label': 'c0bb587c-ab8c-4c70-a4b9-2d2a8774681b', 'context': [<snowplow_tracker.self_describing_json.SelfDescribingJson object at 0x7f3cf4901340>]}
[0m23:42:09.082447 [info ] [MainThread]: Found 12 models, 11 sources, 518 macros
[0m23:42:09.082840 [debug] [MainThread]: Sending event: {'category': 'dbt', 'action': 'runnable_timing', 'label': 'c0bb587c-ab8c-4c70-a4b9-2d2a8774681b', 'context': [<snowplow_tracker.self_describing_json.SelfDescribingJson object at 0x7f3cf4a62300>]}
[0m23:42:09.084566 [info ] [MainThread]: 
[0m23:42:09.084941 [info ] [MainThread]: Concurrency: 4 threads (target='dev')
[0m23:42:09.085255 [info ] [MainThread]: 
[0m23:42:09.085815 [debug] [MainThread]: Acquiring new sqlserver connection 'master'
[0m23:42:09.090525 [debug] [ThreadPool]: Acquiring new sqlserver connection 'list_analytics'
[0m23:42:09.091203 [debug] [ThreadPool]: Acquiring new sqlserver connection 'list_analytics'
[0m23:42:09.105170 [debug] [ThreadPool]: dbt-sqlserver
[0m23:42:09.107146 [debug] [ThreadPool]: dbt-sqlserver
[0m23:42:09.107617 [debug] [ThreadPool]: Using sqlserver connection "list_analytics"
[0m23:42:09.108163 [debug] [ThreadPool]: Using sqlserver connection "list_analytics"
[0m23:42:09.108554 [debug] [ThreadPool]: On list_analytics: /* {"app": "dbt", "dbt_version": "1.11.11", "profile_name": "data_pipeline", "target_name": "dev", "connection_name": "list_analytics"} */
USE [analytics];
    select  name as [schema]
    from sys.schemas with (nolock) 
    OPTION (LABEL = 'dbt-sqlserver');

  
[0m23:42:09.108933 [debug] [ThreadPool]: On list_analytics: /* {"app": "dbt", "dbt_version": "1.11.11", "profile_name": "data_pipeline", "target_name": "dev", "connection_name": "list_analytics"} */
USE [analytics];
    select  name as [schema]
    from sys.schemas with (nolock) 
    OPTION (LABEL = 'dbt-sqlserver');

  
[0m23:42:09.109312 [debug] [ThreadPool]: Opening a new connection, currently in state init
[0m23:42:09.109745 [debug] [ThreadPool]: Opening a new connection, currently in state init
[0m23:42:09.110135 [debug] [ThreadPool]: sqlserver adapter: Using connection string: DRIVER={ODBC Driver 18 for SQL Server};SERVER=localhost,1433;Database=analytics;Pooling=true;SQL_ATTR_TRACE=SQL_OPT_TRACE_OFF;UID={sa};PWD=***;encrypt=Yes;TrustServerCertificate=Yes;APP=dbt-sqlserver/1.9.2;ConnectRetryCount=3;ConnectRetryInterval=10
[0m23:42:09.110501 [debug] [ThreadPool]: sqlserver adapter: Using connection string: DRIVER={ODBC Driver 18 for SQL Server};SERVER=localhost,1433;Database=analytics;Pooling=true;SQL_ATTR_TRACE=SQL_OPT_TRACE_OFF;UID={sa};PWD=***;encrypt=Yes;TrustServerCertificate=Yes;APP=dbt-sqlserver/1.9.2;ConnectRetryCount=3;ConnectRetryInterval=10
[0m23:42:09.125306 [debug] [ThreadPool]: sqlserver adapter: Connected to db: analytics
[0m23:42:09.125765 [debug] [ThreadPool]: sqlserver adapter: Connected to db: analytics
[0m23:42:09.126721 [debug] [ThreadPool]: SQL status: OK in 0.000 seconds
[0m23:42:09.127141 [debug] [ThreadPool]: SQL status: OK in 0.000 seconds
[0m23:42:09.128735 [debug] [ThreadPool]: On list_analytics: Close
[0m23:42:09.130218 [debug] [ThreadPool]: On list_analytics: Close
[0m23:42:09.132281 [debug] [ThreadPool]: Re-using an available connection from the pool (formerly list_analytics, now list_analytics_marts)
[0m23:42:09.133097 [debug] [ThreadPool]: Re-using an available connection from the pool (formerly list_analytics, now list_analytics_intermediate)
[0m23:42:09.139571 [debug] [ThreadPool]: dbt-sqlserver
[0m23:42:09.140179 [debug] [ThreadPool]: Acquiring new sqlserver connection 'list_analytics_staging'
[0m23:42:09.142602 [debug] [ThreadPool]: dbt-sqlserver
[0m23:42:09.143209 [debug] [ThreadPool]: Using sqlserver connection "list_analytics_marts"
[0m23:42:09.144928 [debug] [ThreadPool]: dbt-sqlserver
[0m23:42:09.145358 [debug] [ThreadPool]: Using sqlserver connection "list_analytics_intermediate"
[0m23:42:09.145802 [debug] [ThreadPool]: On list_analytics_marts: /* {"app": "dbt", "dbt_version": "1.11.11", "profile_name": "data_pipeline", "target_name": "dev", "connection_name": "list_analytics_marts"} */
USE [analytics];
    with base as (
      select
        DB_NAME() as [database],
        t.name as [name],
        SCHEMA_NAME(t.schema_id) as [schema],
        'table' as table_type
      from sys.tables as t with (nolock)
      union all
      select
        DB_NAME() as [database],
        v.name as [name],
        SCHEMA_NAME(v.schema_id) as [schema],
        'view' as table_type
      from sys.views as v with (nolock)
    )
    select * from base
    where [schema] like 'marts'
    
    OPTION (LABEL = 'dbt-sqlserver');

  
[0m23:42:09.146207 [debug] [ThreadPool]: Using sqlserver connection "list_analytics_staging"
[0m23:42:09.146571 [debug] [ThreadPool]: On list_analytics_intermediate: /* {"app": "dbt", "dbt_version": "1.11.11", "profile_name": "data_pipeline", "target_name": "dev", "connection_name": "list_analytics_intermediate"} */
USE [analytics];
    with base as (
      select
        DB_NAME() as [database],
        t.name as [name],
        SCHEMA_NAME(t.schema_id) as [schema],
        'table' as table_type
      from sys.tables as t with (nolock)
      union all
      select
        DB_NAME() as [database],
        v.name as [name],
        SCHEMA_NAME(v.schema_id) as [schema],
        'view' as table_type
      from sys.views as v with (nolock)
    )
    select * from base
    where [schema] like 'intermediate'
    
    OPTION (LABEL = 'dbt-sqlserver');

  
[0m23:42:09.147038 [debug] [ThreadPool]: Opening a new connection, currently in state closed
[0m23:42:09.147417 [debug] [ThreadPool]: On list_analytics_staging: /* {"app": "dbt", "dbt_version": "1.11.11", "profile_name": "data_pipeline", "target_name": "dev", "connection_name": "list_analytics_staging"} */
USE [analytics];
    with base as (
      select
        DB_NAME() as [database],
        t.name as [name],
        SCHEMA_NAME(t.schema_id) as [schema],
        'table' as table_type
      from sys.tables as t with (nolock)
      union all
      select
        DB_NAME() as [database],
        v.name as [name],
        SCHEMA_NAME(v.schema_id) as [schema],
        'view' as table_type
      from sys.views as v with (nolock)
    )
    select * from base
    where [schema] like 'staging'
    
    OPTION (LABEL = 'dbt-sqlserver');

  
[0m23:42:09.147811 [debug] [ThreadPool]: Opening a new connection, currently in state closed
[0m23:42:09.148251 [debug] [ThreadPool]: sqlserver adapter: Using connection string: DRIVER={ODBC Driver 18 for SQL Server};SERVER=localhost,1433;Database=analytics;Pooling=true;SQL_ATTR_TRACE=SQL_OPT_TRACE_OFF;UID={sa};PWD=***;encrypt=Yes;TrustServerCertificate=Yes;APP=dbt-sqlserver/1.9.2;ConnectRetryCount=3;ConnectRetryInterval=10
[0m23:42:09.148608 [debug] [ThreadPool]: Opening a new connection, currently in state init
[0m23:42:09.149013 [debug] [ThreadPool]: sqlserver adapter: Using connection string: DRIVER={ODBC Driver 18 for SQL Server};SERVER=localhost,1433;Database=analytics;Pooling=true;SQL_ATTR_TRACE=SQL_OPT_TRACE_OFF;UID={sa};PWD=***;encrypt=Yes;TrustServerCertificate=Yes;APP=dbt-sqlserver/1.9.2;ConnectRetryCount=3;ConnectRetryInterval=10
[0m23:42:09.149569 [debug] [ThreadPool]: sqlserver adapter: Connected to db: analytics
[0m23:42:09.149950 [debug] [ThreadPool]: sqlserver adapter: Using connection string: DRIVER={ODBC Driver 18 for SQL Server};SERVER=localhost,1433;Database=analytics;Pooling=true;SQL_ATTR_TRACE=SQL_OPT_TRACE_OFF;UID={sa};PWD=***;encrypt=Yes;TrustServerCertificate=Yes;APP=dbt-sqlserver/1.9.2;ConnectRetryCount=3;ConnectRetryInterval=10
[0m23:42:09.150601 [debug] [ThreadPool]: sqlserver adapter: Connected to db: analytics
[0m23:42:09.154100 [debug] [ThreadPool]: SQL status: OK in 0.000 seconds
[0m23:42:09.155527 [debug] [ThreadPool]: On list_analytics_marts: ROLLBACK
[0m23:42:09.155885 [debug] [ThreadPool]: On list_analytics_marts: Close
[0m23:42:09.156548 [debug] [ThreadPool]: SQL status: OK in 0.000 seconds
[0m23:42:09.159166 [debug] [ThreadPool]: On list_analytics_intermediate: ROLLBACK
[0m23:42:09.159698 [debug] [ThreadPool]: On list_analytics_intermediate: Close
[0m23:42:09.160344 [debug] [ThreadPool]: sqlserver adapter: Connected to db: analytics
[0m23:42:09.164795 [debug] [ThreadPool]: SQL status: OK in 0.000 seconds
[0m23:42:09.166327 [debug] [ThreadPool]: On list_analytics_staging: ROLLBACK
[0m23:42:09.166836 [debug] [ThreadPool]: On list_analytics_staging: Close
[0m23:42:09.168299 [debug] [MainThread]: Sending event: {'category': 'dbt', 'action': 'runnable_timing', 'label': 'c0bb587c-ab8c-4c70-a4b9-2d2a8774681b', 'context': [<snowplow_tracker.self_describing_json.SelfDescribingJson object at 0x7f3cf48b0770>]}
[0m23:42:09.168789 [debug] [MainThread]: On master: COMMIT
[0m23:42:09.171328 [debug] [Thread-1 (]: Began running node model.data_pipeline.fct_user_activity
[0m23:42:09.171859 [debug] [Thread-2 (]: Began running node model.data_pipeline.stg_products
[0m23:42:09.172466 [info ] [Thread-1 (]: 1 of 3 START sql table model marts.fct_user_activity ........................... [RUN]
[0m23:42:09.173168 [info ] [Thread-2 (]: 2 of 3 START sql view model staging.stg_products ............................... [RUN]
[0m23:42:09.173884 [debug] [Thread-1 (]: Re-using an available connection from the pool (formerly list_analytics_staging, now model.data_pipeline.fct_user_activity)
[0m23:42:09.174336 [debug] [Thread-2 (]: Re-using an available connection from the pool (formerly list_analytics_intermediate, now model.data_pipeline.stg_products)
[0m23:42:09.174803 [debug] [Thread-1 (]: Began compiling node model.data_pipeline.fct_user_activity
[0m23:42:09.175252 [debug] [Thread-2 (]: Began compiling node model.data_pipeline.stg_products
[0m23:42:09.182801 [debug] [Thread-1 (]: Writing injected SQL for node "model.data_pipeline.fct_user_activity"
[0m23:42:09.185184 [debug] [Thread-2 (]: Writing injected SQL for node "model.data_pipeline.stg_products"
[0m23:42:09.185950 [debug] [Thread-1 (]: Began executing node model.data_pipeline.fct_user_activity
[0m23:42:09.186381 [debug] [Thread-2 (]: Began executing node model.data_pipeline.stg_products
[0m23:42:09.231336 [debug] [Thread-1 (]: dbt-sqlserver
[0m23:42:09.240792 [debug] [Thread-2 (]: Writing runtime sql for node "model.data_pipeline.stg_products"
[0m23:42:09.246843 [debug] [Thread-1 (]: Applying DROP to: "analytics"."marts"."fct_user_activity__dbt_tmp__dbt_tmp_vw"
[0m23:42:09.252173 [debug] [Thread-1 (]: dbt-sqlserver
[0m23:42:09.252779 [debug] [Thread-1 (]: Using sqlserver connection "model.data_pipeline.fct_user_activity"
[0m23:42:09.253172 [debug] [Thread-1 (]: On model.data_pipeline.fct_user_activity: /* {"app": "dbt", "dbt_version": "1.11.11", "profile_name": "data_pipeline", "target_name": "dev", "node_id": "model.data_pipeline.fct_user_activity"} */

        USE [analytics];
        select
            sch.name as schema_name,
            obj.name as view_name
        from sys.sql_expression_dependencies refs
        inner join sys.objects obj
        on refs.referencing_id = obj.object_id
        inner join sys.schemas sch
        on obj.schema_id = sch.schema_id
        where refs.referenced_database_name = 'analytics'
        and refs.referenced_schema_name = 'marts'
        and refs.referenced_entity_name = 'fct_user_activity__dbt_tmp__dbt_tmp_vw'
        and obj.type = 'V'
        
    OPTION (LABEL = 'dbt-sqlserver');

      
[0m23:42:09.253612 [debug] [Thread-2 (]: Using sqlserver connection "model.data_pipeline.stg_products"
[0m23:42:09.253965 [debug] [Thread-1 (]: Opening a new connection, currently in state closed
[0m23:42:09.254369 [debug] [Thread-2 (]: On model.data_pipeline.stg_products: /* {"app": "dbt", "dbt_version": "1.11.11", "profile_name": "data_pipeline", "target_name": "dev", "node_id": "model.data_pipeline.stg_products"} */
USE [analytics];
    
    

    

    
    USE [analytics];
    EXEC('
        create view "staging"."stg_products__dbt_tmp" as with source as (
    select * from "analytics"."dummyjson"."products"
),

renamed as (
    select
        id                                          as product_id,
        title,
        category,
        brand,
        price,
        discount_percentage,
        round(price * (1 - discount_percentage / 100), 2) as discounted_price,
        rating,
        stock,
        availability_status,
        sku,
        minimum_order_quantity,
        return_policy,
        shipping_information,
        warranty_information
    from source
)

select * from renamed
where brand is not null and trim(brand) != '''';
    ')


[0m23:42:09.254839 [debug] [Thread-1 (]: sqlserver adapter: Using connection string: DRIVER={ODBC Driver 18 for SQL Server};SERVER=localhost,1433;Database=analytics;Pooling=true;SQL_ATTR_TRACE=SQL_OPT_TRACE_OFF;UID={sa};PWD=***;encrypt=Yes;TrustServerCertificate=Yes;APP=dbt-sqlserver/1.9.2;ConnectRetryCount=3;ConnectRetryInterval=10
[0m23:42:09.255233 [debug] [Thread-2 (]: Opening a new connection, currently in state closed
[0m23:42:09.255752 [debug] [Thread-1 (]: sqlserver adapter: Connected to db: analytics
[0m23:42:09.256101 [debug] [Thread-2 (]: sqlserver adapter: Using connection string: DRIVER={ODBC Driver 18 for SQL Server};SERVER=localhost,1433;Database=analytics;Pooling=true;SQL_ATTR_TRACE=SQL_OPT_TRACE_OFF;UID={sa};PWD=***;encrypt=Yes;TrustServerCertificate=Yes;APP=dbt-sqlserver/1.9.2;ConnectRetryCount=3;ConnectRetryInterval=10
[0m23:42:09.256595 [debug] [Thread-2 (]: sqlserver adapter: Connected to db: analytics
[0m23:42:09.267506 [debug] [Thread-2 (]: SQL status: OK in 0.000 seconds
[0m23:42:09.268686 [debug] [Thread-1 (]: SQL status: OK in 0.000 seconds
[0m23:42:09.274409 [debug] [Thread-2 (]: Using sqlserver connection "model.data_pipeline.stg_products"
[0m23:42:09.276259 [debug] [Thread-1 (]: Using sqlserver connection "model.data_pipeline.fct_user_activity"
[0m23:42:09.276790 [debug] [Thread-2 (]: On model.data_pipeline.stg_products: /* {"app": "dbt", "dbt_version": "1.11.11", "profile_name": "data_pipeline", "target_name": "dev", "node_id": "model.data_pipeline.stg_products"} */
USE [analytics];
      EXEC sp_rename 'staging.stg_products', 'stg_products__dbt_backup'
[0m23:42:09.277418 [debug] [Thread-1 (]: On model.data_pipeline.fct_user_activity: /* {"app": "dbt", "dbt_version": "1.11.11", "profile_name": "data_pipeline", "target_name": "dev", "node_id": "model.data_pipeline.fct_user_activity"} */

      
      
    
    USE [analytics];
    EXEC('DROP view IF EXISTS "marts"."fct_user_activity__dbt_tmp__dbt_tmp_vw";');

[0m23:42:09.279382 [debug] [Thread-1 (]: SQL status: OK in 0.000 seconds
[0m23:42:09.284486 [debug] [Thread-1 (]: Writing runtime sql for node "model.data_pipeline.fct_user_activity"
[0m23:42:09.285247 [debug] [Thread-1 (]: Using sqlserver connection "model.data_pipeline.fct_user_activity"
[0m23:42:09.285710 [debug] [Thread-1 (]: On model.data_pipeline.fct_user_activity: /* {"app": "dbt", "dbt_version": "1.11.11", "profile_name": "data_pipeline", "target_name": "dev", "node_id": "model.data_pipeline.fct_user_activity"} */

  
    USE [analytics];
    USE [analytics];
    
    

    

    
    USE [analytics];
    EXEC('
        create view "marts"."fct_user_activity__dbt_tmp__dbt_tmp_vw" as -- Cross-analysis: user engagement across posts, todos, and cart spend
with users as (
    select * from "analytics"."dummyjson"."users"
),

posts as (
    select
        user_id,
        count(*)        as post_count,
        sum(views)      as total_views,
        sum(likes)      as total_likes,
        sum(dislikes)   as total_dislikes
    from "analytics"."dummyjson"."posts"
    group by user_id
),

todos as (
    select
        user_id,
        count(*)                                        as todo_count,
        sum(case when completed = 1 then 1 else 0 end) as completed_todos
    from "analytics"."dummyjson"."dj_todos"
    group by user_id
),

carts as (
    select
        user_id,
        count(distinct id)  as cart_count,
        sum(total)          as total_spend,
        sum(discounted_total) as discounted_spend,
        sum(total_quantity) as items_bought
    from "analytics"."dummyjson"."carts"
    group by user_id
)

select
    u.id                                                        as user_id,
    u.first_name + '' '' + u.last_name                           as full_name,
    u.age,
    u.gender,
    u.city,
    u.country,
    u.company,
    u.department,

    coalesce(p.post_count, 0)                                   as post_count,
    coalesce(p.total_views, 0)                                  as total_views,
    coalesce(p.total_likes, 0)                                  as total_likes,

    coalesce(t.todo_count, 0)                                   as todo_count,
    coalesce(t.completed_todos, 0)                              as completed_todos,
    case
        when coalesce(t.todo_count, 0) = 0 then null
        else round(cast(t.completed_todos as float) / t.todo_count * 100, 1)
    end                                                         as completion_rate_pct,

    coalesce(c.cart_count, 0)                                   as cart_count,
    coalesce(c.total_spend, 0)                                  as total_spend,
    coalesce(c.discounted_spend, 0)                             as discounted_spend,
    coalesce(c.items_bought, 0)                                 as items_bought

from users u
left join posts  p on p.user_id  = u.id
left join todos  t on t.user_id  = u.id
left join carts  c on c.user_id  = u.id;
    ')

EXEC('
            SELECT * INTO "analytics"."marts"."fct_user_activity__dbt_tmp" FROM "analytics"."marts"."fct_user_activity__dbt_tmp__dbt_tmp_vw" 
    OPTION (LABEL = ''dbt-sqlserver'');

        ')

    
    EXEC('DROP VIEW IF EXISTS marts.fct_user_activity__dbt_tmp__dbt_tmp_vw')



    
    use [analytics];
    if EXISTS (
        SELECT *
        FROM sys.indexes with (nolock)
        WHERE name = 'marts_fct_user_activity__dbt_tmp_cci'
        AND object_id=object_id('marts_fct_user_activity__dbt_tmp')
    )
    DROP index "marts"."fct_user_activity__dbt_tmp".marts_fct_user_activity__dbt_tmp_cci
    CREATE CLUSTERED COLUMNSTORE INDEX marts_fct_user_activity__dbt_tmp_cci
    ON "marts"."fct_user_activity__dbt_tmp"

   


  
[0m23:42:09.290943 [debug] [Thread-2 (]: SQL status: OK in 0.000 seconds
[0m23:42:09.293884 [debug] [Thread-2 (]: Using sqlserver connection "model.data_pipeline.stg_products"
[0m23:42:09.294323 [debug] [Thread-2 (]: On model.data_pipeline.stg_products: /* {"app": "dbt", "dbt_version": "1.11.11", "profile_name": "data_pipeline", "target_name": "dev", "node_id": "model.data_pipeline.stg_products"} */
USE [analytics];
      EXEC sp_rename 'staging.stg_products__dbt_tmp', 'stg_products'
[0m23:42:09.302338 [debug] [Thread-2 (]: SQL status: OK in 0.000 seconds
[0m23:42:09.318336 [debug] [Thread-2 (]: On model.data_pipeline.stg_products: COMMIT
[0m23:42:09.320459 [debug] [Thread-2 (]: Applying DROP to: "analytics"."staging"."stg_products__dbt_backup"
[0m23:42:09.321223 [debug] [Thread-2 (]: dbt-sqlserver
[0m23:42:09.321760 [debug] [Thread-2 (]: Using sqlserver connection "model.data_pipeline.stg_products"
[0m23:42:09.322226 [debug] [Thread-2 (]: On model.data_pipeline.stg_products: /* {"app": "dbt", "dbt_version": "1.11.11", "profile_name": "data_pipeline", "target_name": "dev", "node_id": "model.data_pipeline.stg_products"} */

        USE [analytics];
        select
            sch.name as schema_name,
            obj.name as view_name
        from sys.sql_expression_dependencies refs
        inner join sys.objects obj
        on refs.referencing_id = obj.object_id
        inner join sys.schemas sch
        on obj.schema_id = sch.schema_id
        where refs.referenced_database_name = 'analytics'
        and refs.referenced_schema_name = 'staging'
        and refs.referenced_entity_name = 'stg_products__dbt_backup'
        and obj.type = 'V'
        
    OPTION (LABEL = 'dbt-sqlserver');

      
[0m23:42:09.323925 [debug] [Thread-2 (]: SQL status: OK in 0.000 seconds
[0m23:42:09.325477 [debug] [Thread-2 (]: Using sqlserver connection "model.data_pipeline.stg_products"
[0m23:42:09.325910 [debug] [Thread-2 (]: On model.data_pipeline.stg_products: /* {"app": "dbt", "dbt_version": "1.11.11", "profile_name": "data_pipeline", "target_name": "dev", "node_id": "model.data_pipeline.stg_products"} */

      
      
    
    USE [analytics];
    EXEC('DROP view IF EXISTS "staging"."stg_products__dbt_backup";');

[0m23:42:09.337054 [debug] [Thread-2 (]: SQL status: OK in 0.000 seconds
[0m23:42:09.340391 [debug] [Thread-2 (]: On model.data_pipeline.stg_products: ROLLBACK
[0m23:42:09.341179 [debug] [Thread-2 (]: On model.data_pipeline.stg_products: Close
[0m23:42:09.343496 [debug] [Thread-2 (]: Sending event: {'category': 'dbt', 'action': 'run_model', 'label': 'c0bb587c-ab8c-4c70-a4b9-2d2a8774681b', 'context': [<snowplow_tracker.self_describing_json.SelfDescribingJson object at 0x7f3cf8372480>]}
[0m23:42:09.344642 [info ] [Thread-2 (]: 2 of 3 OK created sql view model staging.stg_products .......................... [[32mOK[0m in 0.17s]
[0m23:42:09.345494 [debug] [Thread-2 (]: Finished running node model.data_pipeline.stg_products
[0m23:42:09.346443 [debug] [Thread-4 (]: Began running node model.data_pipeline.fct_products
[0m23:42:09.347079 [info ] [Thread-4 (]: 3 of 3 START sql table model marts.fct_products ................................ [RUN]
[0m23:42:09.347717 [debug] [Thread-4 (]: Acquiring new sqlserver connection 'model.data_pipeline.fct_products'
[0m23:42:09.348133 [debug] [Thread-4 (]: Began compiling node model.data_pipeline.fct_products
[0m23:42:09.350706 [debug] [Thread-4 (]: Writing injected SQL for node "model.data_pipeline.fct_products"
[0m23:42:09.351576 [debug] [Thread-4 (]: Began executing node model.data_pipeline.fct_products
[0m23:42:09.354852 [debug] [Thread-4 (]: dbt-sqlserver
[0m23:42:09.359832 [debug] [Thread-4 (]: Applying DROP to: "analytics"."marts"."fct_products__dbt_tmp__dbt_tmp_vw"
[0m23:42:09.360520 [debug] [Thread-4 (]: dbt-sqlserver
[0m23:42:09.361103 [debug] [Thread-4 (]: Using sqlserver connection "model.data_pipeline.fct_products"
[0m23:42:09.361482 [debug] [Thread-4 (]: On model.data_pipeline.fct_products: /* {"app": "dbt", "dbt_version": "1.11.11", "profile_name": "data_pipeline", "target_name": "dev", "node_id": "model.data_pipeline.fct_products"} */

        USE [analytics];
        select
            sch.name as schema_name,
            obj.name as view_name
        from sys.sql_expression_dependencies refs
        inner join sys.objects obj
        on refs.referencing_id = obj.object_id
        inner join sys.schemas sch
        on obj.schema_id = sch.schema_id
        where refs.referenced_database_name = 'analytics'
        and refs.referenced_schema_name = 'marts'
        and refs.referenced_entity_name = 'fct_products__dbt_tmp__dbt_tmp_vw'
        and obj.type = 'V'
        
    OPTION (LABEL = 'dbt-sqlserver');

      
[0m23:42:09.361884 [debug] [Thread-4 (]: Opening a new connection, currently in state init
[0m23:42:09.362285 [debug] [Thread-4 (]: sqlserver adapter: Using connection string: DRIVER={ODBC Driver 18 for SQL Server};SERVER=localhost,1433;Database=analytics;Pooling=true;SQL_ATTR_TRACE=SQL_OPT_TRACE_OFF;UID={sa};PWD=***;encrypt=Yes;TrustServerCertificate=Yes;APP=dbt-sqlserver/1.9.2;ConnectRetryCount=3;ConnectRetryInterval=10
[0m23:42:09.362765 [debug] [Thread-4 (]: sqlserver adapter: Connected to db: analytics
[0m23:42:09.363834 [debug] [Thread-4 (]: SQL status: OK in 0.000 seconds
[0m23:42:09.365184 [debug] [Thread-4 (]: Using sqlserver connection "model.data_pipeline.fct_products"
[0m23:42:09.365634 [debug] [Thread-4 (]: On model.data_pipeline.fct_products: /* {"app": "dbt", "dbt_version": "1.11.11", "profile_name": "data_pipeline", "target_name": "dev", "node_id": "model.data_pipeline.fct_products"} */

      
      
    
    USE [analytics];
    EXEC('DROP view IF EXISTS "marts"."fct_products__dbt_tmp__dbt_tmp_vw";');

[0m23:42:09.366872 [debug] [Thread-4 (]: SQL status: OK in 0.000 seconds
[0m23:42:09.368483 [debug] [Thread-4 (]: Writing runtime sql for node "model.data_pipeline.fct_products"
[0m23:42:09.369164 [debug] [Thread-4 (]: Using sqlserver connection "model.data_pipeline.fct_products"
[0m23:42:09.369533 [debug] [Thread-4 (]: On model.data_pipeline.fct_products: /* {"app": "dbt", "dbt_version": "1.11.11", "profile_name": "data_pipeline", "target_name": "dev", "node_id": "model.data_pipeline.fct_products"} */

  
    USE [analytics];
    USE [analytics];
    
    

    

    
    USE [analytics];
    EXEC('
        create view "marts"."fct_products__dbt_tmp__dbt_tmp_vw" as with products as (
    select * from "analytics"."staging"."stg_products"
)

select
    product_id,
    title,
    category,
    brand,
    price,
    discounted_price,
    discount_percentage,
    rating,
    stock,
    availability_status,
    sku,
    minimum_order_quantity,
    return_policy,
    shipping_information,
    warranty_information
from products;
    ')

EXEC('
            SELECT * INTO "analytics"."marts"."fct_products__dbt_tmp" FROM "analytics"."marts"."fct_products__dbt_tmp__dbt_tmp_vw" 
    OPTION (LABEL = ''dbt-sqlserver'');

        ')

    
    EXEC('DROP VIEW IF EXISTS marts.fct_products__dbt_tmp__dbt_tmp_vw')



    
    use [analytics];
    if EXISTS (
        SELECT *
        FROM sys.indexes with (nolock)
        WHERE name = 'marts_fct_products__dbt_tmp_cci'
        AND object_id=object_id('marts_fct_products__dbt_tmp')
    )
    DROP index "marts"."fct_products__dbt_tmp".marts_fct_products__dbt_tmp_cci
    CREATE CLUSTERED COLUMNSTORE INDEX marts_fct_products__dbt_tmp_cci
    ON "marts"."fct_products__dbt_tmp"

   


  
[0m23:42:09.422879 [debug] [Thread-1 (]: SQL status: OK in 0.000 seconds
[0m23:42:09.425631 [debug] [Thread-1 (]: Using sqlserver connection "model.data_pipeline.fct_user_activity"
[0m23:42:09.426003 [debug] [Thread-1 (]: On model.data_pipeline.fct_user_activity: /* {"app": "dbt", "dbt_version": "1.11.11", "profile_name": "data_pipeline", "target_name": "dev", "node_id": "model.data_pipeline.fct_user_activity"} */
USE [analytics];
      EXEC sp_rename 'marts.fct_user_activity__dbt_tmp', 'fct_user_activity'
[0m23:42:09.434452 [debug] [Thread-1 (]: SQL status: OK in 0.000 seconds
[0m23:42:09.440560 [debug] [Thread-1 (]: On model.data_pipeline.fct_user_activity: COMMIT
[0m23:42:09.443345 [debug] [Thread-1 (]: Applying DROP to: "analytics"."marts"."fct_user_activity__dbt_backup"
[0m23:42:09.444141 [debug] [Thread-1 (]: Using sqlserver connection "model.data_pipeline.fct_user_activity"
[0m23:42:09.444496 [debug] [Thread-1 (]: On model.data_pipeline.fct_user_activity: /* {"app": "dbt", "dbt_version": "1.11.11", "profile_name": "data_pipeline", "target_name": "dev", "node_id": "model.data_pipeline.fct_user_activity"} */

      
    USE [analytics];
    EXEC('DROP table IF EXISTS "marts"."fct_user_activity__dbt_backup";');

[0m23:42:09.445850 [debug] [Thread-1 (]: SQL status: OK in 0.000 seconds
[0m23:42:09.447103 [debug] [Thread-1 (]: On model.data_pipeline.fct_user_activity: Close
[0m23:42:09.447623 [debug] [Thread-1 (]: Sending event: {'category': 'dbt', 'action': 'run_model', 'label': 'c0bb587c-ab8c-4c70-a4b9-2d2a8774681b', 'context': [<snowplow_tracker.self_describing_json.SelfDescribingJson object at 0x7f3ce6f99790>]}
[0m23:42:09.448395 [info ] [Thread-1 (]: 1 of 3 OK created sql table model marts.fct_user_activity ...................... [[32mOK[0m in 0.27s]
[0m23:42:09.449248 [debug] [Thread-1 (]: Finished running node model.data_pipeline.fct_user_activity
[0m23:42:09.458718 [debug] [Thread-4 (]: SQL status: OK in 0.000 seconds
[0m23:42:09.461636 [debug] [Thread-4 (]: Using sqlserver connection "model.data_pipeline.fct_products"
[0m23:42:09.462076 [debug] [Thread-4 (]: On model.data_pipeline.fct_products: /* {"app": "dbt", "dbt_version": "1.11.11", "profile_name": "data_pipeline", "target_name": "dev", "node_id": "model.data_pipeline.fct_products"} */
USE [analytics];
      EXEC sp_rename 'marts.fct_products', 'fct_products__dbt_backup'
[0m23:42:09.469782 [debug] [Thread-4 (]: SQL status: OK in 0.000 seconds
[0m23:42:09.473382 [debug] [Thread-4 (]: Using sqlserver connection "model.data_pipeline.fct_products"
[0m23:42:09.474095 [debug] [Thread-4 (]: On model.data_pipeline.fct_products: /* {"app": "dbt", "dbt_version": "1.11.11", "profile_name": "data_pipeline", "target_name": "dev", "node_id": "model.data_pipeline.fct_products"} */
USE [analytics];
      EXEC sp_rename 'marts.fct_products__dbt_tmp', 'fct_products'
[0m23:42:09.482256 [debug] [Thread-4 (]: SQL status: OK in 0.000 seconds
[0m23:42:09.483939 [debug] [Thread-4 (]: On model.data_pipeline.fct_products: COMMIT
[0m23:42:09.486168 [debug] [Thread-4 (]: Applying DROP to: "analytics"."marts"."fct_products__dbt_backup"
[0m23:42:09.487023 [debug] [Thread-4 (]: Using sqlserver connection "model.data_pipeline.fct_products"
[0m23:42:09.487542 [debug] [Thread-4 (]: On model.data_pipeline.fct_products: /* {"app": "dbt", "dbt_version": "1.11.11", "profile_name": "data_pipeline", "target_name": "dev", "node_id": "model.data_pipeline.fct_products"} */

      
    USE [analytics];
    EXEC('DROP table IF EXISTS "marts"."fct_products__dbt_backup";');

[0m23:42:09.496021 [debug] [Thread-4 (]: SQL status: OK in 0.000 seconds
[0m23:42:09.497577 [debug] [Thread-4 (]: On model.data_pipeline.fct_products: Close
[0m23:42:09.498277 [debug] [Thread-4 (]: Sending event: {'category': 'dbt', 'action': 'run_model', 'label': 'c0bb587c-ab8c-4c70-a4b9-2d2a8774681b', 'context': [<snowplow_tracker.self_describing_json.SelfDescribingJson object at 0x7f3ce6f60560>]}
[0m23:42:09.499005 [info ] [Thread-4 (]: 3 of 3 OK created sql table model marts.fct_products ........................... [[32mOK[0m in 0.15s]
[0m23:42:09.499611 [debug] [Thread-4 (]: Finished running node model.data_pipeline.fct_products
[0m23:42:09.501347 [debug] [MainThread]: On master: COMMIT
[0m23:42:09.501806 [debug] [MainThread]: Connection 'master' was properly closed.
[0m23:42:09.502163 [debug] [MainThread]: Connection 'list_analytics_marts' was properly closed.
[0m23:42:09.502541 [debug] [MainThread]: Connection 'model.data_pipeline.stg_products' was properly closed.
[0m23:42:09.502927 [debug] [MainThread]: Connection 'model.data_pipeline.fct_user_activity' was properly closed.
[0m23:42:09.503233 [debug] [MainThread]: Connection 'model.data_pipeline.fct_products' was properly closed.
[0m23:42:09.503688 [info ] [MainThread]: 
[0m23:42:09.504072 [info ] [MainThread]: Finished running 2 table models, 1 view model in 0 hours 0 minutes and 0.42 seconds (0.42s).
[0m23:42:09.504920 [debug] [MainThread]: Command end result
[0m23:42:09.536128 [debug] [MainThread]: Wrote artifact WritableManifest to dbt/target/manifest.json
[0m23:42:09.538176 [debug] [MainThread]: Wrote artifact SemanticManifest to dbt/target/semantic_manifest.json
[0m23:42:09.544767 [debug] [MainThread]: Wrote artifact RunExecutionResult to dbt/target/run_results.json
[0m23:42:09.545288 [info ] [MainThread]: 
[0m23:42:09.545892 [info ] [MainThread]: [32mCompleted successfully[0m
[0m23:42:09.546372 [info ] [MainThread]: 
[0m23:42:09.546882 [info ] [MainThread]: Done. PASS=3 WARN=0 ERROR=0 SKIP=0 NO-OP=0 TOTAL=3
[0m23:42:09.547911 [debug] [MainThread]: Resource report: {"command_name": "run", "command_success": true, "command_wall_clock_time": 1.5920278, "process_in_blocks": "0", "process_kernel_time": 0.249367, "process_mem_max_rss": "134740", "process_out_blocks": "3840", "process_user_time": 2.623344}
[0m23:42:09.548538 [debug] [MainThread]: Command `dbt run` succeeded at 23:42:09.548435 after 1.59 seconds
[0m23:42:09.548920 [debug] [MainThread]: Sending event: {'category': 'dbt', 'action': 'invocation', 'label': 'end', 'context': [<snowplow_tracker.self_describing_json.SelfDescribingJson object at 0x7f3cf67fb650>, <snowplow_tracker.self_describing_json.SelfDescribingJson object at 0x7f3ce6f30dd0>, <snowplow_tracker.self_describing_json.SelfDescribingJson object at 0x7f3ce6f37d10>]}
[0m23:42:09.549316 [debug] [MainThread]: Flushing usage events
[0m23:42:09.982317 [debug] [MainThread]: An error was encountered while trying to flush usage events
